nohup: ignoring input
[PURE-TERMUX] Broadcast Packet: {"node": "ATOM-TRUTH", "env": "Termux-Android", "epoch": 1789907676, "ledger_tip": {"timestamp": 1789907305, "domain": "robdoe.com", "token": "mynerc721", "state_proof_hash": "96b06f2a05a2b0270f7eb9482cd2424460054e40143c26bee8d97401829e83d7", "daemon": "sleeble-x72", "hardware_bridge": "ESP32_Ready"}}
[SUCCESS] Packet sent over local network socket.
[PURE-TERMUX] Broadcast Packet: {"node": "ATOM-TRUTH", "env": "Termux-Android", "epoch": 1789907686, "ledger_tip": {"timestamp": 1789907305, "domain": "robdoe.com", "token": "mynerc721", "state_proof_hash": "96b06f2a05a2b0270f7eb9482cd2424460054e40143c26bee8d97401829e83d7", "daemon": "sleeble-x72", "hardware_bridge": "ESP32_Ready"}}
[SUCCESS] Packet sent over local network socket.
[PURE-TERMUX] Broadcast Packet: {"node": "ATOM-TRUTH", "env": "Termux-Android", "epoch": 1789907696, "ledger_tip": {"timestamp": 1789907305, "domain": "robdoe.com", "token": "mynerc721", "state_proof_hash": "96b06f2a05a2b0270f7eb9482cd2424460054e40143c26bee8d97401829e83d7", "daemon": "sleeble-x72", "hardware_bridge": "ESP32_Ready"}}
[SUCCESS] Packet sent over local network socket.
[PURE-TERMUX] Broadcast Packet: {"node": "ATOM-TRUTH", "env": "Termux-Android", "epoch": 1789907706, "ledger_tip": {"timestamp": 1789907305, "domain": "robdoe.com", "token": "mynerc721", "state_proof_hash": "96b06f2a05a2b0270f7eb9482cd2424460054e40143c26bee8d97401829e83d7", "daemon": "sleeble-x72", "hardware_bridge": "ESP32_Ready"}}
[SUCCESS] Packet sent over local network socket.
[PURE-TERMUX] Broadcast Packet: {"node": "ATOM-TRUTH", "env": "Termux-Android", "epoch": 1789907717, "ledger_tip": {"timestamp": 1789907305, "domain": "robdoe.com", "token": "mynerc721", "state_proof_hash": "96b06f2a05a2b0270f7eb9482cd2424460054e40143c26bee8d97401829e83d7", "daemon": "sleeble-x72", "hardware_bridge": "ESP32_Ready"}}
[SUCCESS] Packet sent over local network socket.
[PURE-TERMUX] Broadcast Packet: {"node": "ATOM-TRUTH", "env": "Termux-Android", "epoch": 1789907727, "ledger_tip": {"timestamp": 1789907305, "domain": "robdoe.com", "token": "mynerc721", "state_proof_hash": "96b06f2a05a2b0270f7eb9482cd2424460054e40143c26bee8d97401829e83d7", "daemon": "sleeble-x72", "hardware_bridge": "ESP32_Ready"}}
[SUCCESS] Packet sent over local network socket.
[PURE-TERMUX] Broadcast Packet: {"node": "ATOM-TRUTH", "env": "Termux-Android", "epoch": 1789907737, "ledger_tip": {"timestamp": 1789907305, "domain": "robdoe.com", "token": "mynerc721", "state_proof_hash": "96b06f2a05a2b0270f7eb9482cd2424460054e40143c26bee8d97401829e83d7", "daemon": "sleeble-x72", "hardware_bridge": "ESP32_Ready"}}
[SUCCESS] Packet sent over local network socket.
[PURE-TERMUX] Broadcast Packet: {"node": "ATOM-TRUTH", "env": "Termux-Android", "epoch": 1789907747, "ledger_tip": {"timestamp": 1789907305, "domain": "robdoe.com", "token": "mynerc721", "state_proof_hash": "96b06f2a05a2b0270f7eb9482cd2424460054e40143c26bee8d97401829e83d7", "daemon": "sleeble-x72", "hardware_bridge": "ESP32_Ready"}}
[SUCCESS] Packet sent over local network socket.
[PURE-TERMUX] Broadcast Packet: {"node": "ATOM-TRUTH", "env": "Termux-Android", "epoch": 1789907757, "ledger_tip": {"timestamp": 1789907305, "domain": "robdoe.com", "token": "mynerc721", "state_proof_hash": "96b06f2a05a2b0270f7eb9482cd2424460054e40143c26bee8d97401829e83d7", "daemon": "sleeble-x72", "hardware_bridge": "ESP32_Ready"}}
[SUCCESS] Packet sent over local network socket.
[PURE-TERMUX] Broadcast Packet: {"node": "ATOM-TRUTH", "env": "Termux-Android", "epoch": 1789907768, "ledger_tip": {"timestamp": 1789907305, "domain": "robdoe.com", "token": "mynerc721", "state_proof_hash": "96b06f2a05a2b0270f7eb9482cd2424460054e40143c26bee8d97401829e83d7", "daemon": "sleeble-x72", "hardware_bridge": "ESP32_Ready"}}
[SUCCESS] Packet sent over local network socket.
[PURE-TERMUX] Broadcast Packet: {"node": "ATOM-TRUTH", "env": "Termux-Android", "epoch": 1789907778, "ledger_tip": {"timestamp": 1789907305, "domain": "robdoe.com", "token": "mynerc721", "state_proof_hash": "96b06f2a05a2b0270f7eb9482cd2424460054e40143c26bee8d97401829e83d7", "daemon": "sleeble-x72", "hardware_bridge": "ESP32_Ready"}}
[SUCCESS] Packet sent over local network socket.
[PURE-TERMUX] Broadcast Packet: {"node": "ATOM-TRUTH", "env": "Termux-Android", "epoch": 1789907788, "ledger_tip": {"timestamp": 1789907305, "domain": "robdoe.com", "token": "mynerc721", "state_proof_hash": "96b06f2a05a2b0270f7eb9482cd2424460054e40143c26bee8d97401829e83d7", "daemon": "sleeble-x72", "hardware_bridge": "ESP32_Ready"}}
[SUCCESS] Packet sent over local network socket.
[PURE-TERMUX] Broadcast Packet: {"node": "ATOM-TRUTH", "env": "Termux-Android", "epoch": 1789907798, "ledger_tip": {"timestamp": 1789907305, "domain": "robdoe.com", "token": "mynerc721", "state_proof_hash": "96b06f2a05a2b0270f7eb9482cd2424460054e40143c26bee8d97401829e83d7", "daemon": "sleeble-x72", "hardware_bridge": "ESP32_Ready"}}
[SUCCESS] Packet sent over local network socket.
[PURE-TERMUX] Broadcast Packet: {"node": "ATOM-TRUTH", "env": "Termux-Android", "epoch": 1789907808, "ledger_tip": {"timestamp": 1789907305, "domain": "robdoe.com", "token": "mynerc721", "state_proof_hash": "96b06f2a05a2b0270f7eb9482cd2424460054e40143c26bee8d97401829e83d7", "daemon": "sleeble-x72", "hardware_bridge": "ESP32_Ready"}}
[SUCCESS] Packet sent over local network socket.
[PURE-TERMUX] Broadcast Packet: {"node": "ATOM-TRUTH", "env": "Termux-Android", "epoch": 1789907819, "ledger_tip": {"timestamp": 1789907305, "domain": "robdoe.com", "token": "mynerc721", "state_proof_hash": "96b06f2a05a2b0270f7eb9482cd2424460054e40143c26bee8d97401829e83d7", "daemon": "sleeble-x72", "hardware_bridge": "ESP32_Ready"}}
[SUCCESS] Packet sent over local network socket.
[PURE-TERMUX] Broadcast Packet: {"node": "ATOM-TRUTH", "env": "Termux-Android", "epoch": 1789907829, "ledger_tip": {"timestamp": 1789907305, "domain": "robdoe.com", "token": "mynerc721", "state_proof_hash": "96b06f2a05a2b0270f7eb9482cd2424460054e40143c26bee8d97401829e83d7", "daemon": "sleeble-x72", "hardware_bridge": "ESP32_Ready"}}
[SUCCESS] Packet sent over local network socket.
[PURE-TERMUX] Broadcast Packet: {"node": "ATOM-TRUTH", "env": "Termux-Android", "epoch": 1789907839, "ledger_tip": {"timestamp": 1789907305, "domain": "robdoe.com", "token": "mynerc721", "state_proof_hash": "96b06f2a05a2b0270f7eb9482cd2424460054e40143c26bee8d97401829e83d7", "daemon": "sleeble-x72", "hardware_bridge": "ESP32_Ready"}}
[SUCCESS] Packet sent over local network socket.
[PURE-TERMUX] Broadcast Packet: {"node": "ATOM-TRUTH", "env": "Termux-Android", "epoch": 1789907849, "ledger_tip": {"timestamp": 1789907305, "domain": "robdoe.com", "token": "mynerc721", "state_proof_hash": "96b06f2a05a2b0270f7eb9482cd2424460054e40143c26bee8d97401829e83d7", "daemon": "sleeble-x72", "hardware_bridge": "ESP32_Ready"}}
[SUCCESS] Packet sent over local network socket.
[PURE-TERMUX] Broadcast Packet: {"node": "ATOM-TRUTH", "env": "Termux-Android", "epoch": 1789907860, "ledger_tip": {"timestamp": 1789907305, "domain": "robdoe.com", "token": "mynerc721", "state_proof_hash": "96b06f2a05a2b0270f7eb9482cd2424460054e40143c26bee8d97401829e83d7", "daemon": "sleeble-x72", "hardware_bridge": "ESP32_Ready"}}
[SUCCESS] Packet sent over local network socket.
[PURE-TERMUX] Broadcast Packet: {"node": "ATOM-TRUTH", "env": "Termux-Android", "epoch": 1789907870, "ledger_tip": {"timestamp": 1789907305, "domain": "robdoe.com", "token": "mynerc721", "state_proof_hash": "96b06f2a05a2b0270f7eb9482cd2424460054e40143c26bee8d97401829e83d7", "daemon": "sleeble-x72", "hardware_bridge": "ESP32_Ready"}}
[SUCCESS] Packet sent over local network socket.
[PURE-TERMUX] Broadcast Packet: {"node": "ATOM-TRUTH", "env": "Termux-Android", "epoch": 1789907880, "ledger_tip": {"timestamp": 1789907305, "domain": "robdoe.com", "token": "mynerc721", "state_proof_hash": "96b06f2a05a2b0270f7eb9482cd2424460054e40143c26bee8d97401829e83d7", "daemon": "sleeble-x72", "hardware_bridge": "ESP32_Ready"}}
[SUCCESS] Packet sent over local network socket.
[PURE-TERMUX] Broadcast Packet: {"node": "ATOM-TRUTH", "env": "Termux-Android", "epoch": 1789907890, "ledger_tip": {"timestamp": 1789907305, "domain": "robdoe.com", "token": "mynerc721", "state_proof_hash": "96b06f2a05a2b0270f7eb9482cd2424460054e40143c26bee8d97401829e83d7", "daemon": "sleeble-x72", "hardware_bridge": "ESP32_Ready"}}
[SUCCESS] Packet sent over local network socket.
[PURE-TERMUX] Broadcast Packet: {"node": "ATOM-TRUTH", "env": "Termux-Android", "epoch": 1789907900, "ledger_tip": {"timestamp": 1789907305, "domain": "robdoe.com", "token": "mynerc721", "state_proof_hash": "96b06f2a05a2b0270f7eb9482cd2424460054e40143c26bee8d97401829e83d7", "daemon": "sleeble-x72", "hardware_bridge": "ESP32_Ready"}}
[SUCCESS] Packet sent over local network socket.
[PURE-TERMUX] Broadcast Packet: {"node": "ATOM-TRUTH", "env": "Termux-Android", "epoch": 1789907911, "ledger_tip": {"timestamp": 1789907305, "domain": "robdoe.com", "token": "mynerc721", "state_proof_hash": "96b06f2a05a2b0270f7eb9482cd2424460054e40143c26bee8d97401829e83d7", "daemon": "sleeble-x72", "hardware_bridge": "ESP32_Ready"}}
[SUCCESS] Packet sent over local network socket.
[PURE-TERMUX] Broadcast Packet: {"node": "ATOM-TRUTH", "env": "Termux-Android", "epoch": 1789907921, "ledger_tip": {"timestamp": 1789907305, "domain": "robdoe.com", "token": "mynerc721", "state_proof_hash": "96b06f2a05a2b0270f7eb9482cd2424460054e40143c26bee8d97401829e83d7", "daemon": "sleeble-x72", "hardware_bridge": "ESP32_Ready"}}
[SUCCESS] Packet sent over local network socket.
[PURE-TERMUX] Broadcast Packet: {"node": "ATOM-TRUTH", "env": "Termux-Android", "epoch": 1789907931, "ledger_tip": {"timestamp": 1789907305, "domain": "robdoe.com", "token": "mynerc721", "state_proof_hash": "96b06f2a05a2b0270f7eb9482cd2424460054e40143c26bee8d97401829e83d7", "daemon": "sleeble-x72", "hardware_bridge": "ESP32_Ready"}}
[SUCCESS] Packet sent over local network socket.
[PURE-TERMUX] Broadcast Packet: {"node": "ATOM-TRUTH", "env": "Termux-Android", "epoch": 1789907941, "ledger_tip": {"timestamp": 1789907305, "domain": "robdoe.com", "token": "mynerc721", "state_proof_hash": "96b06f2a05a2b0270f7eb9482cd2424460054e40143c26bee8d97401829e83d7", "daemon": "sleeble-x72", "hardware_bridge": "ESP32_Ready"}}
[SUCCESS] Packet sent over local network socket.
[PURE-TERMUX] Broadcast Packet: {"node": "ATOM-TRUTH", "env": "Termux-Android", "epoch": 1789907952, "ledger_tip": {"timestamp": 1789907305, "domain": "robdoe.com", "token": "mynerc721", "state_proof_hash": "96b06f2a05a2b0270f7eb9482cd2424460054e40143c26bee8d97401829e83d7", "daemon": "sleeble-x72", "hardware_bridge": "ESP32_Ready"}}
[SUCCESS] Packet sent over local network socket.
[PURE-TERMUX] Broadcast Packet: {"node": "ATOM-TRUTH", "env": "Termux-Android", "epoch": 1789907962, "ledger_tip": {"timestamp": 1789907305, "domain": "robdoe.com", "token": "mynerc721", "state_proof_hash": "96b06f2a05a2b0270f7eb9482cd2424460054e40143c26bee8d97401829e83d7", "daemon": "sleeble-x72", "hardware_bridge": "ESP32_Ready"}}
[SUCCESS] Packet sent over local network socket.
[PURE-TERMUX] Broadcast Packet: {"node": "ATOM-TRUTH", "env": "Termux-Android", "epoch": 1789907972, "ledger_tip": {"timestamp": 1789907305, "domain": "robdoe.com", "token": "mynerc721", "state_proof_hash": "96b06f2a05a2b0270f7eb9482cd2424460054e40143c26bee8d97401829e83d7", "daemon": "sleeble-x72", "hardware_bridge": "ESP32_Ready"}}
[SUCCESS] Packet sent over local network socket.
[PURE-TERMUX] Broadcast Packet: {"node": "ATOM-TRUTH", "env": "Termux-Android", "epoch": 1789907982, "ledger_tip": {"timestamp": 1789907305, "domain": "robdoe.com", "token": "mynerc721", "state_proof_hash": "96b06f2a05a2b0270f7eb9482cd2424460054e40143c26bee8d97401829e83d7", "daemon": "sleeble-x72", "hardware_bridge": "ESP32_Ready"}}
[SUCCESS] Packet sent over local network socket.
[PURE-TERMUX] Broadcast Packet: {"node": "ATOM-TRUTH", "env": "Termux-Android", "epoch": 1789907993, "ledger_tip": {"timestamp": 1789907305, "domain": "robdoe.com", "token": "mynerc721", "state_proof_hash": "96b06f2a05a2b0270f7eb9482cd2424460054e40143c26bee8d97401829e83d7", "daemon": "sleeble-x72", "hardware_bridge": "ESP32_Ready"}}
[SUCCESS] Packet sent over local network socket.
[PURE-TERMUX] Broadcast Packet: {"node": "ATOM-TRUTH", "env": "Termux-Android", "epoch": 1789908003, "ledger_tip": {"timestamp": 1789907305, "domain": "robdoe.com", "token": "mynerc721", "state_proof_hash": "96b06f2a05a2b0270f7eb9482cd2424460054e40143c26bee8d97401829e83d7", "daemon": "sleeble-x72", "hardware_bridge": "ESP32_Ready"}}
[SUCCESS] Packet sent over local network socket.
[PURE-TERMUX] Broadcast Packet: {"node": "ATOM-TRUTH", "env": "Termux-Android", "epoch": 1789908013, "ledger_tip": {"timestamp": 1789907305, "domain": "robdoe.com", "token": "mynerc721", "state_proof_hash": "96b06f2a05a2b0270f7eb9482cd2424460054e40143c26bee8d97401829e83d7", "daemon": "sleeble-x72", "hardware_bridge": "ESP32_Ready"}}
[SUCCESS] Packet sent over local network socket.
[PURE-TERMUX] Broadcast Packet: {"node": "ATOM-TRUTH", "env": "Termux-Android", "epoch": 1789908023, "ledger_tip": {"timestamp": 1789907305, "domain": "robdoe.com", "token": "mynerc721", "state_proof_hash": "96b06f2a05a2b0270f7eb9482cd2424460054e40143c26bee8d97401829e83d7", "daemon": "sleeble-x72", "hardware_bridge": "ESP32_Ready"}}
[SUCCESS] Packet sent over local network socket.
[PURE-TERMUX] Broadcast Packet: {"node": "ATOM-TRUTH", "env": "Termux-Android", "epoch": 1789908033, "ledger_tip": {"timestamp": 1789907305, "domain": "robdoe.com", "token": "mynerc721", "state_proof_hash": "96b06f2a05a2b0270f7eb9482cd2424460054e40143c26bee8d97401829e83d7", "daemon": "sleeble-x72", "hardware_bridge": "ESP32_Ready"}}
[SUCCESS] Packet sent over local network socket.
[PURE-TERMUX] Broadcast Packet: {"node": "ATOM-TRUTH", "env": "Termux-Android", "epoch": 1789908044, "ledger_tip": {"timestamp": 1789907305, "domain": "robdoe.com", "token": "mynerc721", "state_proof_hash": "96b06f2a05a2b0270f7eb9482cd2424460054e40143c26bee8d97401829e83d7", "daemon": "sleeble-x72", "hardware_bridge": "ESP32_Ready"}}
[SUCCESS] Packet sent over local network socket.
[PURE-TERMUX] Broadcast Packet: {"node": "ATOM-TRUTH", "env": "Termux-Android", "epoch": 1789908054, "ledger_tip": {"timestamp": 1789907305, "domain": "robdoe.com", "token": "mynerc721", "state_proof_hash": "96b06f2a05a2b0270f7eb9482cd2424460054e40143c26bee8d97401829e83d7", "daemon": "sleeble-x72", "hardware_bridge": "ESP32_Ready"}}
[SUCCESS] Packet sent over local network socket.
[PURE-TERMUX] Broadcast Packet: {"node": "ATOM-TRUTH", "env": "Termux-Android", "epoch": 1789908064, "ledger_tip": {"timestamp": 1789907305, "domain": "robdoe.com", "token": "mynerc721", "state_proof_hash": "96b06f2a05a2b0270f7eb9482cd2424460054e40143c26bee8d97401829e83d7", "daemon": "sleeble-x72", "hardware_bridge": "ESP32_Ready"}}
[SUCCESS] Packet sent over local network socket.
[PURE-TERMUX] Broadcast Packet: {"node": "ATOM-TRUTH", "env": "Termux-Android", "epoch": 1789908074, "ledger_tip": {"timestamp": 1789907305, "domain": "robdoe.com", "token": "mynerc721", "state_proof_hash": "96b06f2a05a2b0270f7eb9482cd2424460054e40143c26bee8d97401829e83d7", "daemon": "sleeble-x72", "hardware_bridge": "ESP32_Ready"}}
[SUCCESS] Packet sent over local network socket.
[PURE-TERMUX] Broadcast Packet: {"node": "ATOM-TRUTH", "env": "Termux-Android", "epoch": 1789908085, "ledger_tip": {"timestamp": 1789907305, "domain": "robdoe.com", "token": "mynerc721", "state_proof_hash": "96b06f2a05a2b0270f7eb9482cd2424460054e40143c26bee8d97401829e83d7", "daemon": "sleeble-x72", "hardware_bridge": "ESP32_Ready"}}
[SUCCESS] Packet sent over local network socket.
[PURE-TERMUX] Broadcast Packet: {"node": "ATOM-TRUTH", "env": "Termux-Android", "epoch": 1789908095, "ledger_tip": {"timestamp": 1789907305, "domain": "robdoe.com", "token": "mynerc721", "state_proof_hash": "96b06f2a05a2b0270f7eb9482cd2424460054e40143c26bee8d97401829e83d7", "daemon": "sleeble-x72", "hardware_bridge": "ESP32_Ready"}}
[SUCCESS] Packet sent over local network socket.
[PURE-TERMUX] Broadcast Packet: {"node": "ATOM-TRUTH", "env": "Termux-Android", "epoch": 1789908105, "ledger_tip": {"timestamp": 1789907305, "domain": "robdoe.com", "token": "mynerc721", "state_proof_hash": "96b06f2a05a2b0270f7eb9482cd2424460054e40143c26bee8d97401829e83d7", "daemon": "sleeble-x72", "hardware_bridge": "ESP32_Ready"}}
[SUCCESS] Packet sent over local network socket.
[PURE-TERMUX] Broadcast Packet: {"node": "ATOM-TRUTH", "env": "Termux-Android", "epoch": 1789908116, "ledger_tip": {"timestamp": 1789907305, "domain": "robdoe.com", "token": "mynerc721", "state_proof_hash": "96b06f2a05a2b0270f7eb9482cd2424460054e40143c26bee8d97401829e83d7", "daemon": "sleeble-x72", "hardware_bridge": "ESP32_Ready"}}
[SUCCESS] Packet sent over local network socket.
[PURE-TERMUX] Broadcast Packet: {"node": "ATOM-TRUTH", "env": "Termux-Android", "epoch": 1789908126, "ledger_tip": {"timestamp": 1789907305, "domain": "robdoe.com", "token": "mynerc721", "state_proof_hash": "96b06f2a05a2b0270f7eb9482cd2424460054e40143c26bee8d97401829e83d7", "daemon": "sleeble-x72", "hardware_bridge": "ESP32_Ready"}}
[SUCCESS] Packet sent over local network socket.
[PURE-TERMUX] Broadcast Packet: {"node": "ATOM-TRUTH", "env": "Termux-Android", "epoch": 1789908137, "ledger_tip": {"timestamp": 1789907305, "domain": "robdoe.com", "token": "mynerc721", "state_proof_hash": "96b06f2a05a2b0270f7eb9482cd2424460054e40143c26bee8d97401829e83d7", "daemon": "sleeble-x72", "hardware_bridge": "ESP32_Ready"}}
[SUCCESS] Packet sent over local network socket.
[PURE-TERMUX] Broadcast Packet: {"node": "ATOM-TRUTH", "env": "Termux-Android", "epoch": 1789908147, "ledger_tip": {"timestamp": 1789907305, "domain": "robdoe.com", "token": "mynerc721", "state_proof_hash": "96b06f2a05a2b0270f7eb9482cd2424460054e40143c26bee8d97401829e83d7", "daemon": "sleeble-x72", "hardware_bridge": "ESP32_Ready"}}
[SUCCESS] Packet sent over local network socket.
[PURE-TERMUX] Broadcast Packet: {"node": "ATOM-TRUTH", "env": "Termux-Android", "epoch": 1789908157, "ledger_tip": {"timestamp": 1789907305, "domain": "robdoe.com", "token": "mynerc721", "state_proof_hash": "96b06f2a05a2b0270f7eb9482cd2424460054e40143c26bee8d97401829e83d7", "daemon": "sleeble-x72", "hardware_bridge": "ESP32_Ready"}}
[SUCCESS] Packet sent over local network socket.
[PURE-TERMUX] Broadcast Packet: {"node": "ATOM-TRUTH", "env": "Termux-Android", "epoch": 1789908167, "ledger_tip": {"timestamp": 1789907305, "domain": "robdoe.com", "token": "mynerc721", "state_proof_hash": "96b06f2a05a2b0270f7eb9482cd2424460054e40143c26bee8d97401829e83d7", "daemon": "sleeble-x72", "hardware_bridge": "ESP32_Ready"}}
[SUCCESS] Packet sent over local network socket.
[PURE-TERMUX] Broadcast Packet: {"node": "ATOM-TRUTH", "env": "Termux-Android", "epoch": 1789908178, "ledger_tip": {"timestamp": 1789907305, "domain": "robdoe.com", "token": "mynerc721", "state_proof_hash": "96b06f2a05a2b0270f7eb9482cd2424460054e40143c26bee8d97401829e83d7", "daemon": "sleeble-x72", "hardware_bridge": "ESP32_Ready"}}
[SUCCESS] Packet sent over local network socket.
[PURE-TERMUX] Broadcast Packet: {"node": "ATOM-TRUTH", "env": "Termux-Android", "epoch": 1789908188, "ledger_tip": {"timestamp": 1789907305, "domain": "robdoe.com", "token": "mynerc721", "state_proof_hash": "96b06f2a05a2b0270f7eb9482cd2424460054e40143c26bee8d97401829e83d7", "daemon": "sleeble-x72", "hardware_bridge": "ESP32_Ready"}}
[SUCCESS] Packet sent over local network socket.
[PURE-TERMUX] Broadcast Packet: {"node": "ATOM-TRUTH", "env": "Termux-Android", "epoch": 1789908198, "ledger_tip": {"timestamp": 1789907305, "domain": "robdoe.com", "token": "mynerc721", "state_proof_hash": "96b06f2a05a2b0270f7eb9482cd2424460054e40143c26bee8d97401829e83d7", "daemon": "sleeble-x72", "hardware_bridge": "ESP32_Ready"}}
[SUCCESS] Packet sent over local network socket.
[PURE-TERMUX] Broadcast Packet: {"node": "ATOM-TRUTH", "env": "Termux-Android", "epoch": 1789908208, "ledger_tip": {"timestamp": 1789907305, "domain": "robdoe.com", "token": "mynerc721", "state_proof_hash": "96b06f2a05a2b0270f7eb9482cd2424460054e40143c26bee8d97401829e83d7", "daemon": "sleeble-x72", "hardware_bridge": "ESP32_Ready"}}
[SUCCESS] Packet sent over local network socket.
[PURE-TERMUX] Broadcast Packet: {"node": "ATOM-TRUTH", "env": "Termux-Android", "epoch": 1789908218, "ledger_tip": {"timestamp": 1789907305, "domain": "robdoe.com", "token": "mynerc721", "state_proof_hash": "96b06f2a05a2b0270f7eb9482cd2424460054e40143c26bee8d97401829e83d7", "daemon": "sleeble-x72", "hardware_bridge": "ESP32_Ready"}}
[SUCCESS] Packet sent over local network socket.
[PURE-TERMUX] Broadcast Packet: {"node": "ATOM-TRUTH", "env": "Termux-Android", "epoch": 1789908229, "ledger_tip": {"timestamp": 1789907305, "domain": "robdoe.com", "token": "mynerc721", "state_proof_hash": "96b06f2a05a2b0270f7eb9482cd2424460054e40143c26bee8d97401829e83d7", "daemon": "sleeble-x72", "hardware_bridge": "ESP32_Ready"}}
[SUCCESS] Packet sent over local network socket.
[PURE-TERMUX] Broadcast Packet: {"node": "ATOM-TRUTH", "env": "Termux-Android", "epoch": 1789908239, "ledger_tip": {"timestamp": 1789907305, "domain": "robdoe.com", "token": "mynerc721", "state_proof_hash": "96b06f2a05a2b0270f7eb9482cd2424460054e40143c26bee8d97401829e83d7", "daemon": "sleeble-x72", "hardware_bridge": "ESP32_Ready"}}
[SUCCESS] Packet sent over local network socket.
[PURE-TERMUX] Broadcast Packet: {"node": "ATOM-TRUTH", "env": "Termux-Android", "epoch": 1789908249, "ledger_tip": {"timestamp": 1789907305, "domain": "robdoe.com", "token": "mynerc721", "state_proof_hash": "96b06f2a05a2b0270f7eb9482cd2424460054e40143c26bee8d97401829e83d7", "daemon": "sleeble-x72", "hardware_bridge": "ESP32_Ready"}}
[SUCCESS] Packet sent over local network socket.
[PURE-TERMUX] Broadcast Packet: {"node": "ATOM-TRUTH", "env": "Termux-Android", "epoch": 1789908260, "ledger_tip": {"timestamp": 1789907305, "domain": "robdoe.com", "token": "mynerc721", "state_proof_hash": "96b06f2a05a2b0270f7eb9482cd2424460054e40143c26bee8d97401829e83d7", "daemon": "sleeble-x72", "hardware_bridge": "ESP32_Ready"}}
[SUCCESS] Packet sent over local network socket.
[PURE-TERMUX] Broadcast Packet: {"node": "ATOM-TRUTH", "env": "Termux-Android", "epoch": 1789908270, "ledger_tip": {"timestamp": 1789907305, "domain": "robdoe.com", "token": "mynerc721", "state_proof_hash": "96b06f2a05a2b0270f7eb9482cd2424460054e40143c26bee8d97401829e83d7", "daemon": "sleeble-x72", "hardware_bridge": "ESP32_Ready"}}
[SUCCESS] Packet sent over local network socket.
[PURE-TERMUX] Broadcast Packet: {"node": "ATOM-TRUTH", "env": "Termux-Android", "epoch": 1789908280, "ledger_tip": {"timestamp": 1789907305, "domain": "robdoe.com", "token": "mynerc721", "state_proof_hash": "96b06f2a05a2b0270f7eb9482cd2424460054e40143c26bee8d97401829e83d7", "daemon": "sleeble-x72", "hardware_bridge": "ESP32_Ready"}}
[SUCCESS] Packet sent over local network socket.
[PURE-TERMUX] Broadcast Packet: {"node": "ATOM-TRUTH", "env": "Termux-Android", "epoch": 1789908290, "ledger_tip": {"timestamp": 1789907305, "domain": "robdoe.com", "token": "mynerc721", "state_proof_hash": "96b06f2a05a2b0270f7eb9482cd2424460054e40143c26bee8d97401829e83d7", "daemon": "sleeble-x72", "hardware_bridge": "ESP32_Ready"}}
[SUCCESS] Packet sent over local network socket.
[PURE-TERMUX] Broadcast Packet: {"node": "ATOM-TRUTH", "env": "Termux-Android", "epoch": 1789908301, "ledger_tip": {"timestamp": 1789907305, "domain": "robdoe.com", "token": "mynerc721", "state_proof_hash": "96b06f2a05a2b0270f7eb9482cd2424460054e40143c26bee8d97401829e83d7", "daemon": "sleeble-x72", "hardware_bridge": "ESP32_Ready"}}
[SUCCESS] Packet sent over local network socket.
[PURE-TERMUX] Broadcast Packet: {"node": "ATOM-TRUTH", "env": "Termux-Android", "epoch": 1789908311, "ledger_tip": {"timestamp": 1789907305, "domain": "robdoe.com", "token": "mynerc721", "state_proof_hash": "96b06f2a05a2b0270f7eb9482cd2424460054e40143c26bee8d97401829e83d7", "daemon": "sleeble-x72", "hardware_bridge": "ESP32_Ready"}}
[SUCCESS] Packet sent over local network socket.
[PURE-TERMUX] Broadcast Packet: {"node": "ATOM-TRUTH", "env": "Termux-Android", "epoch": 1789908321, "ledger_tip": {"timestamp": 1789907305, "domain": "robdoe.com", "token": "mynerc721", "state_proof_hash": "96b06f2a05a2b0270f7eb9482cd2424460054e40143c26bee8d97401829e83d7", "daemon": "sleeble-x72", "hardware_bridge": "ESP32_Ready"}}
[SUCCESS] Packet sent over local network socket.
[PURE-TERMUX] Broadcast Packet: {"node": "ATOM-TRUTH", "env": "Termux-Android", "epoch": 1789908331, "ledger_tip": {"timestamp": 1789907305, "domain": "robdoe.com", "token": "mynerc721", "state_proof_hash": "96b06f2a05a2b0270f7eb9482cd2424460054e40143c26bee8d97401829e83d7", "daemon": "sleeble-x72", "hardware_bridge": "ESP32_Ready"}}
[SUCCESS] Packet sent over local network socket.
[PURE-TERMUX] Broadcast Packet: {"node": "ATOM-TRUTH", "env": "Termux-Android", "epoch": 1789908342, "ledger_tip": {"timestamp": 1789907305, "domain": "robdoe.com", "token": "mynerc721", "state_proof_hash": "96b06f2a05a2b0270f7eb9482cd2424460054e40143c26bee8d97401829e83d7", "daemon": "sleeble-x72", "hardware_bridge": "ESP32_Ready"}}
[SUCCESS] Packet sent over local network socket.
[PURE-TERMUX] Broadcast Packet: {"node": "ATOM-TRUTH", "env": "Termux-Android", "epoch": 1789908352, "ledger_tip": {"timestamp": 1789907305, "domain": "robdoe.com", "token": "mynerc721", "state_proof_hash": "96b06f2a05a2b0270f7eb9482cd2424460054e40143c26bee8d97401829e83d7", "daemon": "sleeble-x72", "hardware_bridge": "ESP32_Ready"}}
[SUCCESS] Packet sent over local network socket.
[PURE-TERMUX] Broadcast Packet: {"node": "ATOM-TRUTH", "env": "Termux-Android", "epoch": 1789908362, "ledger_tip": {"timestamp": 1789907305, "domain": "robdoe.com", "token": "mynerc721", "state_proof_hash": "96b06f2a05a2b0270f7eb9482cd2424460054e40143c26bee8d97401829e83d7", "daemon": "sleeble-x72", "hardware_bridge": "ESP32_Ready"}}
[SUCCESS] Packet sent over local network socket.
[PURE-TERMUX] Broadcast Packet: {"node": "ATOM-TRUTH", "env": "Termux-Android", "epoch": 1789908372, "ledger_tip": {"timestamp": 1789907305, "domain": "robdoe.com", "token": "mynerc721", "state_proof_hash": "96b06f2a05a2b0270f7eb9482cd2424460054e40143c26bee8d97401829e83d7", "daemon": "sleeble-x72", "hardware_bridge": "ESP32_Ready"}}
[SUCCESS] Packet sent over local network socket.
[PURE-TERMUX] Broadcast Packet: {"node": "ATOM-TRUTH", "env": "Termux-Android", "epoch": 1789908383, "ledger_tip": {"timestamp": 1789907305, "domain": "robdoe.com", "token": "mynerc721", "state_proof_hash": "96b06f2a05a2b0270f7eb9482cd2424460054e40143c26bee8d97401829e83d7", "daemon": "sleeble-x72", "hardware_bridge": "ESP32_Ready"}}
[SUCCESS] Packet sent over local network socket.
[PURE-TERMUX] Broadcast Packet: {"node": "ATOM-TRUTH", "env": "Termux-Android", "epoch": 1789908393, "ledger_tip": {"timestamp": 1789907305, "domain": "robdoe.com", "token": "mynerc721", "state_proof_hash": "96b06f2a05a2b0270f7eb9482cd2424460054e40143c26bee8d97401829e83d7", "daemon": "sleeble-x72", "hardware_bridge": "ESP32_Ready"}}
[SUCCESS] Packet sent over local network socket.
[PURE-TERMUX] Broadcast Packet: {"node": "ATOM-TRUTH", "env": "Termux-Android", "epoch": 1789908403, "ledger_tip": {"timestamp": 1789907305, "domain": "robdoe.com", "token": "mynerc721", "state_proof_hash": "96b06f2a05a2b0270f7eb9482cd2424460054e40143c26bee8d97401829e83d7", "daemon": "sleeble-x72", "hardware_bridge": "ESP32_Ready"}}
[SUCCESS] Packet sent over local network socket.
[PURE-TERMUX] Broadcast Packet: {"node": "ATOM-TRUTH", "env": "Termux-Android", "epoch": 1789908413, "ledger_tip": {"timestamp": 1789907305, "domain": "robdoe.com", "token": "mynerc721", "state_proof_hash": "96b06f2a05a2b0270f7eb9482cd2424460054e40143c26bee8d97401829e83d7", "daemon": "sleeble-x72", "hardware_bridge": "ESP32_Ready"}}
[SUCCESS] Packet sent over local network socket.
[PURE-TERMUX] Broadcast Packet: {"node": "ATOM-TRUTH", "env": "Termux-Android", "epoch": 1789908423, "ledger_tip": {"timestamp": 1789907305, "domain": "robdoe.com", "token": "mynerc721", "state_proof_hash": "96b06f2a05a2b0270f7eb9482cd2424460054e40143c26bee8d97401829e83d7", "daemon": "sleeble-x72", "hardware_bridge": "ESP32_Ready"}}
[SUCCESS] Packet sent over local network socket.
[PURE-TERMUX] Broadcast Packet: {"node": "ATOM-TRUTH", "env": "Termux-Android", "epoch": 1789908434, "ledger_tip": {"timestamp": 1789907305, "domain": "robdoe.com", "token": "mynerc721", "state_proof_hash": "96b06f2a05a2b0270f7eb9482cd2424460054e40143c26bee8d97401829e83d7", "daemon": "sleeble-x72", "hardware_bridge": "ESP32_Ready"}}
[SUCCESS] Packet sent over local network socket.
[PURE-TERMUX] Broadcast Packet: {"node": "ATOM-TRUTH", "env": "Termux-Android", "epoch": 1789908444, "ledger_tip": {"timestamp": 1789907305, "domain": "robdoe.com", "token": "mynerc721", "state_proof_hash": "96b06f2a05a2b0270f7eb9482cd2424460054e40143c26bee8d97401829e83d7", "daemon": "sleeble-x72", "hardware_bridge": "ESP32_Ready"}}
[SUCCESS] Packet sent over local network socket.
[PURE-TERMUX] Broadcast Packet: {"node": "ATOM-TRUTH", "env": "Termux-Android", "epoch": 1789908454, "ledger_tip": {"timestamp": 1789907305, "domain": "robdoe.com", "token": "mynerc721", "state_proof_hash": "96b06f2a05a2b0270f7eb9482cd2424460054e40143c26bee8d97401829e83d7", "daemon": "sleeble-x72", "hardware_bridge": "ESP32_Ready"}}
[SUCCESS] Packet sent over local network socket.
[PURE-TERMUX] Broadcast Packet: {"node": "ATOM-TRUTH", "env": "Termux-Android", "epoch": 1789908464, "ledger_tip": {"timestamp": 1789907305, "domain": "robdoe.com", "token": "mynerc721", "state_proof_hash": "96b06f2a05a2b0270f7eb9482cd2424460054e40143c26bee8d97401829e83d7", "daemon": "sleeble-x72", "hardware_bridge": "ESP32_Ready"}}
[SUCCESS] Packet sent over local network socket.
[PURE-TERMUX] Broadcast Packet: {"node": "ATOM-TRUTH", "env": "Termux-Android", "epoch": 1789908475, "ledger_tip": {"timestamp": 1789907305, "domain": "robdoe.com", "token": "mynerc721", "state_proof_hash": "96b06f2a05a2b0270f7eb9482cd2424460054e40143c26bee8d97401829e83d7", "daemon": "sleeble-x72", "hardware_bridge": "ESP32_Ready"}}
[SUCCESS] Packet sent over local network socket.
[PURE-TERMUX] Broadcast Packet: {"node": "ATOM-TRUTH", "env": "Termux-Android", "epoch": 1789908485, "ledger_tip": {"timestamp": 1789907305, "domain": "robdoe.com", "token": "mynerc721", "state_proof_hash": "96b06f2a05a2b0270f7eb9482cd2424460054e40143c26bee8d97401829e83d7", "daemon": "sleeble-x72", "hardware_bridge": "ESP32_Ready"}}
[SUCCESS] Packet sent over local network socket.
[PURE-TERMUX] Broadcast Packet: {"node": "ATOM-TRUTH", "env": "Termux-Android", "epoch": 1789908495, "ledger_tip": {"timestamp": 1789907305, "domain": "robdoe.com", "token": "mynerc721", "state_proof_hash": "96b06f2a05a2b0270f7eb9482cd2424460054e40143c26bee8d97401829e83d7", "daemon": "sleeble-x72", "hardware_bridge": "ESP32_Ready"}}
[SUCCESS] Packet sent over local network socket.
[PURE-TERMUX] Broadcast Packet: {"node": "ATOM-TRUTH", "env": "Termux-Android", "epoch": 1789908505, "ledger_tip": {"timestamp": 1789907305, "domain": "robdoe.com", "token": "mynerc721", "state_proof_hash": "96b06f2a05a2b0270f7eb9482cd2424460054e40143c26bee8d97401829e83d7", "daemon": "sleeble-x72", "hardware_bridge": "ESP32_Ready"}}
[SUCCESS] Packet sent over local network socket.
[PURE-TERMUX] Broadcast Packet: {"node": "ATOM-TRUTH", "env": "Termux-Android", "epoch": 1789908516, "ledger_tip": {"timestamp": 1789907305, "domain": "robdoe.com", "token": "mynerc721", "state_proof_hash": "96b06f2a05a2b0270f7eb9482cd2424460054e40143c26bee8d97401829e83d7", "daemon": "sleeble-x72", "hardware_bridge": "ESP32_Ready"}}
[SUCCESS] Packet sent over local network socket.
[PURE-TERMUX] Broadcast Packet: {"node": "ATOM-TRUTH", "env": "Termux-Android", "epoch": 1789908526, "ledger_tip": {"timestamp": 1789907305, "domain": "robdoe.com", "token": "mynerc721", "state_proof_hash": "96b06f2a05a2b0270f7eb9482cd2424460054e40143c26bee8d97401829e83d7", "daemon": "sleeble-x72", "hardware_bridge": "ESP32_Ready"}}
[SUCCESS] Packet sent over local network socket.
[PURE-TERMUX] Broadcast Packet: {"node": "ATOM-TRUTH", "env": "Termux-Android", "epoch": 1789908536, "ledger_tip": {"timestamp": 1789907305, "domain": "robdoe.com", "token": "mynerc721", "state_proof_hash": "96b06f2a05a2b0270f7eb9482cd2424460054e40143c26bee8d97401829e83d7", "daemon": "sleeble-x72", "hardware_bridge": "ESP32_Ready"}}
[SUCCESS] Packet sent over local network socket.
[PURE-TERMUX] Broadcast Packet: {"node": "ATOM-TRUTH", "env": "Termux-Android", "epoch": 1789908547, "ledger_tip": {"timestamp": 1789907305, "domain": "robdoe.com", "token": "mynerc721", "state_proof_hash": "96b06f2a05a2b0270f7eb9482cd2424460054e40143c26bee8d97401829e83d7", "daemon": "sleeble-x72", "hardware_bridge": "ESP32_Ready"}}
[SUCCESS] Packet sent over local network socket.
[PURE-TERMUX] Broadcast Packet: {"node": "ATOM-TRUTH", "env": "Termux-Android", "epoch": 1789908557, "ledger_tip": {"timestamp": 1789907305, "domain": "robdoe.com", "token": "mynerc721", "state_proof_hash": "96b06f2a05a2b0270f7eb9482cd2424460054e40143c26bee8d97401829e83d7", "daemon": "sleeble-x72", "hardware_bridge": "ESP32_Ready"}}
[SUCCESS] Packet sent over local network socket.
[PURE-TERMUX] Broadcast Packet: {"node": "ATOM-TRUTH", "env": "Termux-Android", "epoch": 1789908567, "ledger_tip": {"timestamp": 1789907305, "domain": "robdoe.com", "token": "mynerc721", "state_proof_hash": "96b06f2a05a2b0270f7eb9482cd2424460054e40143c26bee8d97401829e83d7", "daemon": "sleeble-x72", "hardware_bridge": "ESP32_Ready"}}
[SUCCESS] Packet sent over local network socket.
[PURE-TERMUX] Broadcast Packet: {"node": "ATOM-TRUTH", "env": "Termux-Android", "epoch": 1789908578, "ledger_tip": {"timestamp": 1789907305, "domain": "robdoe.com", "token": "mynerc721", "state_proof_hash": "96b06f2a05a2b0270f7eb9482cd2424460054e40143c26bee8d97401829e83d7", "daemon": "sleeble-x72", "hardware_bridge": "ESP32_Ready"}}
[SUCCESS] Packet sent over local network socket.
[PURE-TERMUX] Broadcast Packet: {"node": "ATOM-TRUTH", "env": "Termux-Android", "epoch": 1789908588, "ledger_tip": {"timestamp": 1789907305, "domain": "robdoe.com", "token": "mynerc721", "state_proof_hash": "96b06f2a05a2b0270f7eb9482cd2424460054e40143c26bee8d97401829e83d7", "daemon": "sleeble-x72", "hardware_bridge": "ESP32_Ready"}}
[SUCCESS] Packet sent over local network socket.
[PURE-TERMUX] Broadcast Packet: {"node": "ATOM-TRUTH", "env": "Termux-Android", "epoch": 1789908598, "ledger_tip": {"timestamp": "2026-09-20T12:49:57Z", "repo": "/data/data/com.termux/files/home/robdoerootauthority", "merkle_root": "4f4ce0448682145147f2f90925f8ae62c6837b39240bc87e0f4d6a76526e4766", "commit": "7fd4abf8cfbfe8860cebd144999645ee61b4a9a6", "tag": "proof-4f4ce044"}}
[SUCCESS] Packet sent over local network socket.
[PURE-TERMUX] Broadcast Packet: {"node": "ATOM-TRUTH", "env": "Termux-Android", "epoch": 1789908608, "ledger_tip": {"timestamp": "2026-09-20T12:49:57Z", "repo": "/data/data/com.termux/files/home/robdoerootauthority", "merkle_root": "4f4ce0448682145147f2f90925f8ae62c6837b39240bc87e0f4d6a76526e4766", "commit": "7fd4abf8cfbfe8860cebd144999645ee61b4a9a6", "tag": "proof-4f4ce044"}}
[SUCCESS] Packet sent over local network socket.
[PURE-TERMUX] Broadcast Packet: {"node": "ATOM-TRUTH", "env": "Termux-Android", "epoch": 1789908619, "ledger_tip": {"timestamp": "2026-09-20T12:49:57Z", "repo": "/data/data/com.termux/files/home/robdoerootauthority", "merkle_root": "4f4ce0448682145147f2f90925f8ae62c6837b39240bc87e0f4d6a76526e4766", "commit": "7fd4abf8cfbfe8860cebd144999645ee61b4a9a6", "tag": "proof-4f4ce044"}}
[SUCCESS] Packet sent over local network socket.
[PURE-TERMUX] Broadcast Packet: {"node": "ATOM-TRUTH", "env": "Termux-Android", "epoch": 1789908629, "ledger_tip": {"timestamp": "2026-09-20T12:49:57Z", "repo": "/data/data/com.termux/files/home/robdoerootauthority", "merkle_root": "4f4ce0448682145147f2f90925f8ae62c6837b39240bc87e0f4d6a76526e4766", "commit": "7fd4abf8cfbfe8860cebd144999645ee61b4a9a6", "tag": "proof-4f4ce044"}}
[SUCCESS] Packet sent over local network socket.
[PURE-TERMUX] Broadcast Packet: {"node": "ATOM-TRUTH", "env": "Termux-Android", "epoch": 1789908640, "ledger_tip": {"timestamp": "2026-09-20T12:49:57Z", "repo": "/data/data/com.termux/files/home/robdoerootauthority", "merkle_root": "4f4ce0448682145147f2f90925f8ae62c6837b39240bc87e0f4d6a76526e4766", "commit": "7fd4abf8cfbfe8860cebd144999645ee61b4a9a6", "tag": "proof-4f4ce044"}}
[SUCCESS] Packet sent over local network socket.
[PURE-TERMUX] Broadcast Packet: {"node": "ATOM-TRUTH", "env": "Termux-Android", "epoch": 1789908650, "ledger_tip": {"timestamp": "2026-09-20T12:49:57Z", "repo": "/data/data/com.termux/files/home/robdoerootauthority", "merkle_root": "4f4ce0448682145147f2f90925f8ae62c6837b39240bc87e0f4d6a76526e4766", "commit": "7fd4abf8cfbfe8860cebd144999645ee61b4a9a6", "tag": "proof-4f4ce044"}}
[SUCCESS] Packet sent over local network socket.
[PURE-TERMUX] Broadcast Packet: {"node": "ATOM-TRUTH", "env": "Termux-Android", "epoch": 1789908660, "ledger_tip": {"timestamp": "2026-09-20T12:49:57Z", "repo": "/data/data/com.termux/files/home/robdoerootauthority", "merkle_root": "4f4ce0448682145147f2f90925f8ae62c6837b39240bc87e0f4d6a76526e4766", "commit": "7fd4abf8cfbfe8860cebd144999645ee61b4a9a6", "tag": "proof-4f4ce044"}}
[SUCCESS] Packet sent over local network socket.
[PURE-TERMUX] Broadcast Packet: {"node": "ATOM-TRUTH", "env": "Termux-Android", "epoch": 1789908670, "ledger_tip": {"timestamp": "2026-09-20T12:49:57Z", "repo": "/data/data/com.termux/files/home/robdoerootauthority", "merkle_root": "4f4ce0448682145147f2f90925f8ae62c6837b39240bc87e0f4d6a76526e4766", "commit": "7fd4abf8cfbfe8860cebd144999645ee61b4a9a6", "tag": "proof-4f4ce044"}}
[SUCCESS] Packet sent over local network socket.
[PURE-TERMUX] Broadcast Packet: {"node": "ATOM-TRUTH", "env": "Termux-Android", "epoch": 1789908680, "ledger_tip": {"timestamp": "2026-09-20T12:49:57Z", "repo": "/data/data/com.termux/files/home/robdoerootauthority", "merkle_root": "4f4ce0448682145147f2f90925f8ae62c6837b39240bc87e0f4d6a76526e4766", "commit": "7fd4abf8cfbfe8860cebd144999645ee61b4a9a6", "tag": "proof-4f4ce044"}}
[SUCCESS] Packet sent over local network socket.
[PURE-TERMUX] Broadcast Packet: {"node": "ATOM-TRUTH", "env": "Termux-Android", "epoch": 1789908691, "ledger_tip": {"timestamp": "2026-09-20T12:49:57Z", "repo": "/data/data/com.termux/files/home/robdoerootauthority", "merkle_root": "4f4ce0448682145147f2f90925f8ae62c6837b39240bc87e0f4d6a76526e4766", "commit": "7fd4abf8cfbfe8860cebd144999645ee61b4a9a6", "tag": "proof-4f4ce044"}}
[SUCCESS] Packet sent over local network socket.
[PURE-TERMUX] Broadcast Packet: {"node": "ATOM-TRUTH", "env": "Termux-Android", "epoch": 1789908701, "ledger_tip": {"timestamp": "2026-09-20T12:49:57Z", "repo": "/data/data/com.termux/files/home/robdoerootauthority", "merkle_root": "4f4ce0448682145147f2f90925f8ae62c6837b39240bc87e0f4d6a76526e4766", "commit": "7fd4abf8cfbfe8860cebd144999645ee61b4a9a6", "tag": "proof-4f4ce044"}}
[SUCCESS] Packet sent over local network socket.
[PURE-TERMUX] Broadcast Packet: {"node": "ATOM-TRUTH", "env": "Termux-Android", "epoch": 1789908711, "ledger_tip": {"timestamp": "2026-09-20T12:49:57Z", "repo": "/data/data/com.termux/files/home/robdoerootauthority", "merkle_root": "4f4ce0448682145147f2f90925f8ae62c6837b39240bc87e0f4d6a76526e4766", "commit": "7fd4abf8cfbfe8860cebd144999645ee61b4a9a6", "tag": "proof-4f4ce044"}}
[SUCCESS] Packet sent over local network socket.
[PURE-TERMUX] Broadcast Packet: {"node": "ATOM-TRUTH", "env": "Termux-Android", "epoch": 1789908721, "ledger_tip": {"timestamp": "2026-09-20T12:49:57Z", "repo": "/data/data/com.termux/files/home/robdoerootauthority", "merkle_root": "4f4ce0448682145147f2f90925f8ae62c6837b39240bc87e0f4d6a76526e4766", "commit": "7fd4abf8cfbfe8860cebd144999645ee61b4a9a6", "tag": "proof-4f4ce044"}}
[SUCCESS] Packet sent over local network socket.
[PURE-TERMUX] Broadcast Packet: {"node": "ATOM-TRUTH", "env": "Termux-Android", "epoch": 1789908732, "ledger_tip": {"timestamp": "2026-09-20T12:49:57Z", "repo": "/data/data/com.termux/files/home/robdoerootauthority", "merkle_root": "4f4ce0448682145147f2f90925f8ae62c6837b39240bc87e0f4d6a76526e4766", "commit": "7fd4abf8cfbfe8860cebd144999645ee61b4a9a6", "tag": "proof-4f4ce044"}}
[SUCCESS] Packet sent over local network socket.
[PURE-TERMUX] Broadcast Packet: {"node": "ATOM-TRUTH", "env": "Termux-Android", "epoch": 1789908742, "ledger_tip": {"timestamp": "2026-09-20T12:49:57Z", "repo": "/data/data/com.termux/files/home/robdoerootauthority", "merkle_root": "4f4ce0448682145147f2f90925f8ae62c6837b39240bc87e0f4d6a76526e4766", "commit": "7fd4abf8cfbfe8860cebd144999645ee61b4a9a6", "tag": "proof-4f4ce044"}}
[SUCCESS] Packet sent over local network socket.
[PURE-TERMUX] Broadcast Packet: {"node": "ATOM-TRUTH", "env": "Termux-Android", "epoch": 1789908752, "ledger_tip": {"timestamp": "2026-09-20T12:49:57Z", "repo": "/data/data/com.termux/files/home/robdoerootauthority", "merkle_root": "4f4ce0448682145147f2f90925f8ae62c6837b39240bc87e0f4d6a76526e4766", "commit": "7fd4abf8cfbfe8860cebd144999645ee61b4a9a6", "tag": "proof-4f4ce044"}}
[SUCCESS] Packet sent over local network socket.
[PURE-TERMUX] Broadcast Packet: {"node": "ATOM-TRUTH", "env": "Termux-Android", "epoch": 1789908762, "ledger_tip": {"timestamp": "2026-09-20T12:49:57Z", "repo": "/data/data/com.termux/files/home/robdoerootauthority", "merkle_root": "4f4ce0448682145147f2f90925f8ae62c6837b39240bc87e0f4d6a76526e4766", "commit": "7fd4abf8cfbfe8860cebd144999645ee61b4a9a6", "tag": "proof-4f4ce044"}}
[SUCCESS] Packet sent over local network socket.
[PURE-TERMUX] Broadcast Packet: {"node": "ATOM-TRUTH", "env": "Termux-Android", "epoch": 1789908773, "ledger_tip": {"timestamp": "2026-09-20T12:49:57Z", "repo": "/data/data/com.termux/files/home/robdoerootauthority", "merkle_root": "4f4ce0448682145147f2f90925f8ae62c6837b39240bc87e0f4d6a76526e4766", "commit": "7fd4abf8cfbfe8860cebd144999645ee61b4a9a6", "tag": "proof-4f4ce044"}}
[SUCCESS] Packet sent over local network socket.
[PURE-TERMUX] Broadcast Packet: {"node": "ATOM-TRUTH", "env": "Termux-Android", "epoch": 1789908783, "ledger_tip": {"timestamp": "2026-09-20T12:49:57Z", "repo": "/data/data/com.termux/files/home/robdoerootauthority", "merkle_root": "4f4ce0448682145147f2f90925f8ae62c6837b39240bc87e0f4d6a76526e4766", "commit": "7fd4abf8cfbfe8860cebd144999645ee61b4a9a6", "tag": "proof-4f4ce044"}}
[SUCCESS] Packet sent over local network socket.
[PURE-TERMUX] Broadcast Packet: {"node": "ATOM-TRUTH", "env": "Termux-Android", "epoch": 1789908793, "ledger_tip": {"timestamp": "2026-09-20T12:49:57Z", "repo": "/data/data/com.termux/files/home/robdoerootauthority", "merkle_root": "4f4ce0448682145147f2f90925f8ae62c6837b39240bc87e0f4d6a76526e4766", "commit": "7fd4abf8cfbfe8860cebd144999645ee61b4a9a6", "tag": "proof-4f4ce044"}}
[SUCCESS] Packet sent over local network socket.
[PURE-TERMUX] Broadcast Packet: {"node": "ATOM-TRUTH", "env": "Termux-Android", "epoch": 1789908803, "ledger_tip": {"timestamp": "2026-09-20T12:49:57Z", "repo": "/data/data/com.termux/files/home/robdoerootauthority", "merkle_root": "4f4ce0448682145147f2f90925f8ae62c6837b39240bc87e0f4d6a76526e4766", "commit": "7fd4abf8cfbfe8860cebd144999645ee61b4a9a6", "tag": "proof-4f4ce044"}}
[SUCCESS] Packet sent over local network socket.
[PURE-TERMUX] Broadcast Packet: {"node": "ATOM-TRUTH", "env": "Termux-Android", "epoch": 1789908814, "ledger_tip": {"timestamp": "2026-09-20T12:49:57Z", "repo": "/data/data/com.termux/files/home/robdoerootauthority", "merkle_root": "4f4ce0448682145147f2f90925f8ae62c6837b39240bc87e0f4d6a76526e4766", "commit": "7fd4abf8cfbfe8860cebd144999645ee61b4a9a6", "tag": "proof-4f4ce044"}}
[SUCCESS] Packet sent over local network socket.
[PURE-TERMUX] Broadcast Packet: {"node": "ATOM-TRUTH", "env": "Termux-Android", "epoch": 1789908824, "ledger_tip": {"timestamp": "2026-09-20T12:49:57Z", "repo": "/data/data/com.termux/files/home/robdoerootauthority", "merkle_root": "4f4ce0448682145147f2f90925f8ae62c6837b39240bc87e0f4d6a76526e4766", "commit": "7fd4abf8cfbfe8860cebd144999645ee61b4a9a6", "tag": "proof-4f4ce044"}}
[SUCCESS] Packet sent over local network socket.
[PURE-TERMUX] Broadcast Packet: {"node": "ATOM-TRUTH", "env": "Termux-Android", "epoch": 1789908834, "ledger_tip": {"timestamp": "2026-09-20T12:49:57Z", "repo": "/data/data/com.termux/files/home/robdoerootauthority", "merkle_root": "4f4ce0448682145147f2f90925f8ae62c6837b39240bc87e0f4d6a76526e4766", "commit": "7fd4abf8cfbfe8860cebd144999645ee61b4a9a6", "tag": "proof-4f4ce044"}}
[SUCCESS] Packet sent over local network socket.
[PURE-TERMUX] Broadcast Packet: {"node": "ATOM-TRUTH", "env": "Termux-Android", "epoch": 1789908844, "ledger_tip": {"timestamp": "2026-09-20T12:49:57Z", "repo": "/data/data/com.termux/files/home/robdoerootauthority", "merkle_root": "4f4ce0448682145147f2f90925f8ae62c6837b39240bc87e0f4d6a76526e4766", "commit": "7fd4abf8cfbfe8860cebd144999645ee61b4a9a6", "tag": "proof-4f4ce044"}}
[SUCCESS] Packet sent over local network socket.
[PURE-TERMUX] Broadcast Packet: {"node": "ATOM-TRUTH", "env": "Termux-Android", "epoch": 1789908855, "ledger_tip": {"timestamp": "2026-09-20T12:49:57Z", "repo": "/data/data/com.termux/files/home/robdoerootauthority", "merkle_root": "4f4ce0448682145147f2f90925f8ae62c6837b39240bc87e0f4d6a76526e4766", "commit": "7fd4abf8cfbfe8860cebd144999645ee61b4a9a6", "tag": "proof-4f4ce044"}}
[SUCCESS] Packet sent over local network socket.
[PURE-TERMUX] Broadcast Packet: {"node": "ATOM-TRUTH", "env": "Termux-Android", "epoch": 1789908865, "ledger_tip": {"timestamp": "2026-09-20T12:49:57Z", "repo": "/data/data/com.termux/files/home/robdoerootauthority", "merkle_root": "4f4ce0448682145147f2f90925f8ae62c6837b39240bc87e0f4d6a76526e4766", "commit": "7fd4abf8cfbfe8860cebd144999645ee61b4a9a6", "tag": "proof-4f4ce044"}}
[SUCCESS] Packet sent over local network socket.
[PURE-TERMUX] Broadcast Packet: {"node": "ATOM-TRUTH", "env": "Termux-Android", "epoch": 1789908875, "ledger_tip": {"timestamp": "2026-09-20T12:49:57Z", "repo": "/data/data/com.termux/files/home/robdoerootauthority", "merkle_root": "4f4ce0448682145147f2f90925f8ae62c6837b39240bc87e0f4d6a76526e4766", "commit": "7fd4abf8cfbfe8860cebd144999645ee61b4a9a6", "tag": "proof-4f4ce044"}}
[SUCCESS] Packet sent over local network socket.
[PURE-TERMUX] Broadcast Packet: {"node": "ATOM-TRUTH", "env": "Termux-Android", "epoch": 1789908885, "ledger_tip": {"timestamp": "2026-09-20T12:49:57Z", "repo": "/data/data/com.termux/files/home/robdoerootauthority", "merkle_root": "4f4ce0448682145147f2f90925f8ae62c6837b39240bc87e0f4d6a76526e4766", "commit": "7fd4abf8cfbfe8860cebd144999645ee61b4a9a6", "tag": "proof-4f4ce044"}}
[SUCCESS] Packet sent over local network socket.
[PURE-TERMUX] Broadcast Packet: {"node": "ATOM-TRUTH", "env": "Termux-Android", "epoch": 1789908896, "ledger_tip": {"timestamp": "2026-09-20T12:49:57Z", "repo": "/data/data/com.termux/files/home/robdoerootauthority", "merkle_root": "4f4ce0448682145147f2f90925f8ae62c6837b39240bc87e0f4d6a76526e4766", "commit": "7fd4abf8cfbfe8860cebd144999645ee61b4a9a6", "tag": "proof-4f4ce044"}}
[SUCCESS] Packet sent over local network socket.
[PURE-TERMUX] Broadcast Packet: {"node": "ATOM-TRUTH", "env": "Termux-Android", "epoch": 1789908906, "ledger_tip": {"timestamp": "2026-09-20T12:49:57Z", "repo": "/data/data/com.termux/files/home/robdoerootauthority", "merkle_root": "4f4ce0448682145147f2f90925f8ae62c6837b39240bc87e0f4d6a76526e4766", "commit": "7fd4abf8cfbfe8860cebd144999645ee61b4a9a6", "tag": "proof-4f4ce044"}}
[SUCCESS] Packet sent over local network socket.
[PURE-TERMUX] Broadcast Packet: {"node": "ATOM-TRUTH", "env": "Termux-Android", "epoch": 1789908916, "ledger_tip": {"timestamp": "2026-09-20T12:49:57Z", "repo": "/data/data/com.termux/files/home/robdoerootauthority", "merkle_root": "4f4ce0448682145147f2f90925f8ae62c6837b39240bc87e0f4d6a76526e4766", "commit": "7fd4abf8cfbfe8860cebd144999645ee61b4a9a6", "tag": "proof-4f4ce044"}}
[SUCCESS] Packet sent over local network socket.
[PURE-TERMUX] Broadcast Packet: {"node": "ATOM-TRUTH", "env": "Termux-Android", "epoch": 1789908927, "ledger_tip": {"timestamp": "2026-09-20T12:49:57Z", "repo": "/data/data/com.termux/files/home/robdoerootauthority", "merkle_root": "4f4ce0448682145147f2f90925f8ae62c6837b39240bc87e0f4d6a76526e4766", "commit": "7fd4abf8cfbfe8860cebd144999645ee61b4a9a6", "tag": "proof-4f4ce044"}}
[SUCCESS] Packet sent over local network socket.
[PURE-TERMUX] Broadcast Packet: {"node": "ATOM-TRUTH", "env": "Termux-Android", "epoch": 1789908937, "ledger_tip": {"timestamp": "2026-09-20T12:49:57Z", "repo": "/data/data/com.termux/files/home/robdoerootauthority", "merkle_root": "4f4ce0448682145147f2f90925f8ae62c6837b39240bc87e0f4d6a76526e4766", "commit": "7fd4abf8cfbfe8860cebd144999645ee61b4a9a6", "tag": "proof-4f4ce044"}}
[SUCCESS] Packet sent over local network socket.
[PURE-TERMUX] Broadcast Packet: {"node": "ATOM-TRUTH", "env": "Termux-Android", "epoch": 1789908947, "ledger_tip": {"timestamp": "2026-09-20T12:49:57Z", "repo": "/data/data/com.termux/files/home/robdoerootauthority", "merkle_root": "4f4ce0448682145147f2f90925f8ae62c6837b39240bc87e0f4d6a76526e4766", "commit": "7fd4abf8cfbfe8860cebd144999645ee61b4a9a6", "tag": "proof-4f4ce044"}}
[SUCCESS] Packet sent over local network socket.
[PURE-TERMUX] Broadcast Packet: {"node": "ATOM-TRUTH", "env": "Termux-Android", "epoch": 1789908957, "ledger_tip": {"timestamp": "2026-09-20T12:49:57Z", "repo": "/data/data/com.termux/files/home/robdoerootauthority", "merkle_root": "4f4ce0448682145147f2f90925f8ae62c6837b39240bc87e0f4d6a76526e4766", "commit": "7fd4abf8cfbfe8860cebd144999645ee61b4a9a6", "tag": "proof-4f4ce044"}}
[SUCCESS] Packet sent over local network socket.
[PURE-TERMUX] Broadcast Packet: {"node": "ATOM-TRUTH", "env": "Termux-Android", "epoch": 1789908968, "ledger_tip": {"timestamp": "2026-09-20T12:49:57Z", "repo": "/data/data/com.termux/files/home/robdoerootauthority", "merkle_root": "4f4ce0448682145147f2f90925f8ae62c6837b39240bc87e0f4d6a76526e4766", "commit": "7fd4abf8cfbfe8860cebd144999645ee61b4a9a6", "tag": "proof-4f4ce044"}}
[SUCCESS] Packet sent over local network socket.
[PURE-TERMUX] Broadcast Packet: {"node": "ATOM-TRUTH", "env": "Termux-Android", "epoch": 1789908978, "ledger_tip": {"timestamp": "2026-09-20T12:49:57Z", "repo": "/data/data/com.termux/files/home/robdoerootauthority", "merkle_root": "4f4ce0448682145147f2f90925f8ae62c6837b39240bc87e0f4d6a76526e4766", "commit": "7fd4abf8cfbfe8860cebd144999645ee61b4a9a6", "tag": "proof-4f4ce044"}}
[SUCCESS] Packet sent over local network socket.
[PURE-TERMUX] Broadcast Packet: {"node": "ATOM-TRUTH", "env": "Termux-Android", "epoch": 1789908988, "ledger_tip": {"timestamp": "2026-09-20T12:49:57Z", "repo": "/data/data/com.termux/files/home/robdoerootauthority", "merkle_root": "4f4ce0448682145147f2f90925f8ae62c6837b39240bc87e0f4d6a76526e4766", "commit": "7fd4abf8cfbfe8860cebd144999645ee61b4a9a6", "tag": "proof-4f4ce044"}}
[SUCCESS] Packet sent over local network socket.
[PURE-TERMUX] Broadcast Packet: {"node": "ATOM-TRUTH", "env": "Termux-Android", "epoch": 1789908998, "ledger_tip": {"timestamp": "2026-09-20T12:49:57Z", "repo": "/data/data/com.termux/files/home/robdoerootauthority", "merkle_root": "4f4ce0448682145147f2f90925f8ae62c6837b39240bc87e0f4d6a76526e4766", "commit": "7fd4abf8cfbfe8860cebd144999645ee61b4a9a6", "tag": "proof-4f4ce044"}}
[SUCCESS] Packet sent over local network socket.
[PURE-TERMUX] Broadcast Packet: {"node": "ATOM-TRUTH", "env": "Termux-Android", "epoch": 1789909009, "ledger_tip": {"timestamp": "2026-09-20T12:49:57Z", "repo": "/data/data/com.termux/files/home/robdoerootauthority", "merkle_root": "4f4ce0448682145147f2f90925f8ae62c6837b39240bc87e0f4d6a76526e4766", "commit": "7fd4abf8cfbfe8860cebd144999645ee61b4a9a6", "tag": "proof-4f4ce044"}}
[SUCCESS] Packet sent over local network socket.
[PURE-TERMUX] Broadcast Packet: {"node": "ATOM-TRUTH", "env": "Termux-Android", "epoch": 1789909019, "ledger_tip": {"timestamp": "2026-09-20T12:49:57Z", "repo": "/data/data/com.termux/files/home/robdoerootauthority", "merkle_root": "4f4ce0448682145147f2f90925f8ae62c6837b39240bc87e0f4d6a76526e4766", "commit": "7fd4abf8cfbfe8860cebd144999645ee61b4a9a6", "tag": "proof-4f4ce044"}}
[SUCCESS] Packet sent over local network socket.
[PURE-TERMUX] Broadcast Packet: {"node": "ATOM-TRUTH", "env": "Termux-Android", "epoch": 1789909029, "ledger_tip": {"timestamp": "2026-09-20T12:49:57Z", "repo": "/data/data/com.termux/files/home/robdoerootauthority", "merkle_root": "4f4ce0448682145147f2f90925f8ae62c6837b39240bc87e0f4d6a76526e4766", "commit": "7fd4abf8cfbfe8860cebd144999645ee61b4a9a6", "tag": "proof-4f4ce044"}}
[SUCCESS] Packet sent over local network socket.
[PURE-TERMUX] Broadcast Packet: {"node": "ATOM-TRUTH", "env": "Termux-Android", "epoch": 1789909039, "ledger_tip": {"timestamp": "2026-09-20T12:49:57Z", "repo": "/data/data/com.termux/files/home/robdoerootauthority", "merkle_root": "4f4ce0448682145147f2f90925f8ae62c6837b39240bc87e0f4d6a76526e4766", "commit": "7fd4abf8cfbfe8860cebd144999645ee61b4a9a6", "tag": "proof-4f4ce044"}}
[SUCCESS] Packet sent over local network socket.
[PURE-TERMUX] Broadcast Packet: {"node": "ATOM-TRUTH", "env": "Termux-Android", "epoch": 1789909049, "ledger_tip": {"timestamp": "2026-09-20T12:49:57Z", "repo": "/data/data/com.termux/files/home/robdoerootauthority", "merkle_root": "4f4ce0448682145147f2f90925f8ae62c6837b39240bc87e0f4d6a76526e4766", "commit": "7fd4abf8cfbfe8860cebd144999645ee61b4a9a6", "tag": "proof-4f4ce044"}}
[SUCCESS] Packet sent over local network socket.
[PURE-TERMUX] Broadcast Packet: {"node": "ATOM-TRUTH", "env": "Termux-Android", "epoch": 1789909060, "ledger_tip": {"timestamp": "2026-09-20T12:49:57Z", "repo": "/data/data/com.termux/files/home/robdoerootauthority", "merkle_root": "4f4ce0448682145147f2f90925f8ae62c6837b39240bc87e0f4d6a76526e4766", "commit": "7fd4abf8cfbfe8860cebd144999645ee61b4a9a6", "tag": "proof-4f4ce044"}}
[SUCCESS] Packet sent over local network socket.
[PURE-TERMUX] Broadcast Packet: {"node": "ATOM-TRUTH", "env": "Termux-Android", "epoch": 1789909070, "ledger_tip": {"timestamp": "2026-09-20T12:49:57Z", "repo": "/data/data/com.termux/files/home/robdoerootauthority", "merkle_root": "4f4ce0448682145147f2f90925f8ae62c6837b39240bc87e0f4d6a76526e4766", "commit": "7fd4abf8cfbfe8860cebd144999645ee61b4a9a6", "tag": "proof-4f4ce044"}}
[SUCCESS] Packet sent over local network socket.
[PURE-TERMUX] Broadcast Packet: {"node": "ATOM-TRUTH", "env": "Termux-Android", "epoch": 1789909080, "ledger_tip": {"timestamp": "2026-09-20T12:49:57Z", "repo": "/data/data/com.termux/files/home/robdoerootauthority", "merkle_root": "4f4ce0448682145147f2f90925f8ae62c6837b39240bc87e0f4d6a76526e4766", "commit": "7fd4abf8cfbfe8860cebd144999645ee61b4a9a6", "tag": "proof-4f4ce044"}}
[SUCCESS] Packet sent over local network socket.
[PURE-TERMUX] Broadcast Packet: {"node": "ATOM-TRUTH", "env": "Termux-Android", "epoch": 1789909090, "ledger_tip": {"timestamp": "2026-09-20T12:49:57Z", "repo": "/data/data/com.termux/files/home/robdoerootauthority", "merkle_root": "4f4ce0448682145147f2f90925f8ae62c6837b39240bc87e0f4d6a76526e4766", "commit": "7fd4abf8cfbfe8860cebd144999645ee61b4a9a6", "tag": "proof-4f4ce044"}}
[SUCCESS] Packet sent over local network socket.
[PURE-TERMUX] Broadcast Packet: {"node": "ATOM-TRUTH", "env": "Termux-Android", "epoch": 1789909101, "ledger_tip": {"timestamp": "2026-09-20T12:49:57Z", "repo": "/data/data/com.termux/files/home/robdoerootauthority", "merkle_root": "4f4ce0448682145147f2f90925f8ae62c6837b39240bc87e0f4d6a76526e4766", "commit": "7fd4abf8cfbfe8860cebd144999645ee61b4a9a6", "tag": "proof-4f4ce044"}}
[SUCCESS] Packet sent over local network socket.
[PURE-TERMUX] Broadcast Packet: {"node": "ATOM-TRUTH", "env": "Termux-Android", "epoch": 1789909111, "ledger_tip": {"timestamp": "2026-09-20T12:49:57Z", "repo": "/data/data/com.termux/files/home/robdoerootauthority", "merkle_root": "4f4ce0448682145147f2f90925f8ae62c6837b39240bc87e0f4d6a76526e4766", "commit": "7fd4abf8cfbfe8860cebd144999645ee61b4a9a6", "tag": "proof-4f4ce044"}}
[SUCCESS] Packet sent over local network socket.
[PURE-TERMUX] Broadcast Packet: {"node": "ATOM-TRUTH", "env": "Termux-Android", "epoch": 1789909121, "ledger_tip": {"timestamp": "2026-09-20T12:49:57Z", "repo": "/data/data/com.termux/files/home/robdoerootauthority", "merkle_root": "4f4ce0448682145147f2f90925f8ae62c6837b39240bc87e0f4d6a76526e4766", "commit": "7fd4abf8cfbfe8860cebd144999645ee61b4a9a6", "tag": "proof-4f4ce044"}}
[SUCCESS] Packet sent over local network socket.
[PURE-TERMUX] Broadcast Packet: {"node": "ATOM-TRUTH", "env": "Termux-Android", "epoch": 1789909131, "ledger_tip": {"timestamp": "2026-09-20T12:49:57Z", "repo": "/data/data/com.termux/files/home/robdoerootauthority", "merkle_root": "4f4ce0448682145147f2f90925f8ae62c6837b39240bc87e0f4d6a76526e4766", "commit": "7fd4abf8cfbfe8860cebd144999645ee61b4a9a6", "tag": "proof-4f4ce044"}}
[SUCCESS] Packet sent over local network socket.
[PURE-TERMUX] Broadcast Packet: {"node": "ATOM-TRUTH", "env": "Termux-Android", "epoch": 1789909141, "ledger_tip": {"timestamp": "2026-09-20T12:49:57Z", "repo": "/data/data/com.termux/files/home/robdoerootauthority", "merkle_root": "4f4ce0448682145147f2f90925f8ae62c6837b39240bc87e0f4d6a76526e4766", "commit": "7fd4abf8cfbfe8860cebd144999645ee61b4a9a6", "tag": "proof-4f4ce044"}}
[SUCCESS] Packet sent over local network socket.
[PURE-TERMUX] Broadcast Packet: {"node": "ATOM-TRUTH", "env": "Termux-Android", "epoch": 1789909152, "ledger_tip": {"timestamp": "2026-09-20T12:49:57Z", "repo": "/data/data/com.termux/files/home/robdoerootauthority", "merkle_root": "4f4ce0448682145147f2f90925f8ae62c6837b39240bc87e0f4d6a76526e4766", "commit": "7fd4abf8cfbfe8860cebd144999645ee61b4a9a6", "tag": "proof-4f4ce044"}}
[SUCCESS] Packet sent over local network socket.
[PURE-TERMUX] Broadcast Packet: {"node": "ATOM-TRUTH", "env": "Termux-Android", "epoch": 1789909162, "ledger_tip": {"timestamp": "2026-09-20T12:49:57Z", "repo": "/data/data/com.termux/files/home/robdoerootauthority", "merkle_root": "4f4ce0448682145147f2f90925f8ae62c6837b39240bc87e0f4d6a76526e4766", "commit": "7fd4abf8cfbfe8860cebd144999645ee61b4a9a6", "tag": "proof-4f4ce044"}}
[SUCCESS] Packet sent over local network socket.
[PURE-TERMUX] Broadcast Packet: {"node": "ATOM-TRUTH", "env": "Termux-Android", "epoch": 1789909172, "ledger_tip": {"timestamp": "2026-09-20T12:49:57Z", "repo": "/data/data/com.termux/files/home/robdoerootauthority", "merkle_root": "4f4ce0448682145147f2f90925f8ae62c6837b39240bc87e0f4d6a76526e4766", "commit": "7fd4abf8cfbfe8860cebd144999645ee61b4a9a6", "tag": "proof-4f4ce044"}}
[SUCCESS] Packet sent over local network socket.
[PURE-TERMUX] Broadcast Packet: {"node": "ATOM-TRUTH", "env": "Termux-Android", "epoch": 1789909182, "ledger_tip": {"timestamp": "2026-09-20T12:49:57Z", "repo": "/data/data/com.termux/files/home/robdoerootauthority", "merkle_root": "4f4ce0448682145147f2f90925f8ae62c6837b39240bc87e0f4d6a76526e4766", "commit": "7fd4abf8cfbfe8860cebd144999645ee61b4a9a6", "tag": "proof-4f4ce044"}}
[SUCCESS] Packet sent over local network socket.
[PURE-TERMUX] Broadcast Packet: {"node": "ATOM-TRUTH", "env": "Termux-Android", "epoch": 1789909193, "ledger_tip": {"timestamp": "2026-09-20T12:49:57Z", "repo": "/data/data/com.termux/files/home/robdoerootauthority", "merkle_root": "4f4ce0448682145147f2f90925f8ae62c6837b39240bc87e0f4d6a76526e4766", "commit": "7fd4abf8cfbfe8860cebd144999645ee61b4a9a6", "tag": "proof-4f4ce044"}}
[SUCCESS] Packet sent over local network socket.
[PURE-TERMUX] Broadcast Packet: {"node": "ATOM-TRUTH", "env": "Termux-Android", "epoch": 1789909203, "ledger_tip": {"timestamp": "2026-09-20T12:49:57Z", "repo": "/data/data/com.termux/files/home/robdoerootauthority", "merkle_root": "4f4ce0448682145147f2f90925f8ae62c6837b39240bc87e0f4d6a76526e4766", "commit": "7fd4abf8cfbfe8860cebd144999645ee61b4a9a6", "tag": "proof-4f4ce044"}}
[SUCCESS] Packet sent over local network socket.
[PURE-TERMUX] Broadcast Packet: {"node": "ATOM-TRUTH", "env": "Termux-Android", "epoch": 1789909213, "ledger_tip": {"timestamp": "2026-09-20T12:49:57Z", "repo": "/data/data/com.termux/files/home/robdoerootauthority", "merkle_root": "4f4ce0448682145147f2f90925f8ae62c6837b39240bc87e0f4d6a76526e4766", "commit": "7fd4abf8cfbfe8860cebd144999645ee61b4a9a6", "tag": "proof-4f4ce044"}}
[SUCCESS] Packet sent over local network socket.
[PURE-TERMUX] Broadcast Packet: {"node": "ATOM-TRUTH", "env": "Termux-Android", "epoch": 1789909223, "ledger_tip": {"timestamp": "2026-09-20T12:49:57Z", "repo": "/data/data/com.termux/files/home/robdoerootauthority", "merkle_root": "4f4ce0448682145147f2f90925f8ae62c6837b39240bc87e0f4d6a76526e4766", "commit": "7fd4abf8cfbfe8860cebd144999645ee61b4a9a6", "tag": "proof-4f4ce044"}}
[SUCCESS] Packet sent over local network socket.
[PURE-TERMUX] Broadcast Packet: {"node": "ATOM-TRUTH", "env": "Termux-Android", "epoch": 1789909234, "ledger_tip": {"timestamp": "2026-09-20T12:49:57Z", "repo": "/data/data/com.termux/files/home/robdoerootauthority", "merkle_root": "4f4ce0448682145147f2f90925f8ae62c6837b39240bc87e0f4d6a76526e4766", "commit": "7fd4abf8cfbfe8860cebd144999645ee61b4a9a6", "tag": "proof-4f4ce044"}}
[SUCCESS] Packet sent over local network socket.
[PURE-TERMUX] Broadcast Packet: {"node": "ATOM-TRUTH", "env": "Termux-Android", "epoch": 1789909244, "ledger_tip": {"timestamp": "2026-09-20T12:49:57Z", "repo": "/data/data/com.termux/files/home/robdoerootauthority", "merkle_root": "4f4ce0448682145147f2f90925f8ae62c6837b39240bc87e0f4d6a76526e4766", "commit": "7fd4abf8cfbfe8860cebd144999645ee61b4a9a6", "tag": "proof-4f4ce044"}}
[SUCCESS] Packet sent over local network socket.
[PURE-TERMUX] Broadcast Packet: {"node": "ATOM-TRUTH", "env": "Termux-Android", "epoch": 1789909254, "ledger_tip": {"timestamp": "2026-09-20T12:49:57Z", "repo": "/data/data/com.termux/files/home/robdoerootauthority", "merkle_root": "4f4ce0448682145147f2f90925f8ae62c6837b39240bc87e0f4d6a76526e4766", "commit": "7fd4abf8cfbfe8860cebd144999645ee61b4a9a6", "tag": "proof-4f4ce044"}}
[SUCCESS] Packet sent over local network socket.
[PURE-TERMUX] Broadcast Packet: {"node": "ATOM-TRUTH", "env": "Termux-Android", "epoch": 1789909265, "ledger_tip": {"timestamp": "2026-09-20T12:49:57Z", "repo": "/data/data/com.termux/files/home/robdoerootauthority", "merkle_root": "4f4ce0448682145147f2f90925f8ae62c6837b39240bc87e0f4d6a76526e4766", "commit": "7fd4abf8cfbfe8860cebd144999645ee61b4a9a6", "tag": "proof-4f4ce044"}}
[SUCCESS] Packet sent over local network socket.
[PURE-TERMUX] Broadcast Packet: {"node": "ATOM-TRUTH", "env": "Termux-Android", "epoch": 1789909275, "ledger_tip": {"timestamp": "2026-09-20T12:49:57Z", "repo": "/data/data/com.termux/files/home/robdoerootauthority", "merkle_root": "4f4ce0448682145147f2f90925f8ae62c6837b39240bc87e0f4d6a76526e4766", "commit": "7fd4abf8cfbfe8860cebd144999645ee61b4a9a6", "tag": "proof-4f4ce044"}}
[SUCCESS] Packet sent over local network socket.
[PURE-TERMUX] Broadcast Packet: {"node": "ATOM-TRUTH", "env": "Termux-Android", "epoch": 1789909285, "ledger_tip": {"timestamp": "2026-09-20T12:49:57Z", "repo": "/data/data/com.termux/files/home/robdoerootauthority", "merkle_root": "4f4ce0448682145147f2f90925f8ae62c6837b39240bc87e0f4d6a76526e4766", "commit": "7fd4abf8cfbfe8860cebd144999645ee61b4a9a6", "tag": "proof-4f4ce044"}}
[SUCCESS] Packet sent over local network socket.
[PURE-TERMUX] Broadcast Packet: {"node": "ATOM-TRUTH", "env": "Termux-Android", "epoch": 1789909295, "ledger_tip": {"timestamp": "2026-09-20T12:49:57Z", "repo": "/data/data/com.termux/files/home/robdoerootauthority", "merkle_root": "4f4ce0448682145147f2f90925f8ae62c6837b39240bc87e0f4d6a76526e4766", "commit": "7fd4abf8cfbfe8860cebd144999645ee61b4a9a6", "tag": "proof-4f4ce044"}}
[SUCCESS] Packet sent over local network socket.
[PURE-TERMUX] Broadcast Packet: {"node": "ATOM-TRUTH", "env": "Termux-Android", "epoch": 1789909306, "ledger_tip": {"timestamp": "2026-09-20T12:49:57Z", "repo": "/data/data/com.termux/files/home/robdoerootauthority", "merkle_root": "4f4ce0448682145147f2f90925f8ae62c6837b39240bc87e0f4d6a76526e4766", "commit": "7fd4abf8cfbfe8860cebd144999645ee61b4a9a6", "tag": "proof-4f4ce044"}}
[SUCCESS] Packet sent over local network socket.
[PURE-TERMUX] Broadcast Packet: {"node": "ATOM-TRUTH", "env": "Termux-Android", "epoch": 1789909316, "ledger_tip": {"timestamp": "2026-09-20T12:49:57Z", "repo": "/data/data/com.termux/files/home/robdoerootauthority", "merkle_root": "4f4ce0448682145147f2f90925f8ae62c6837b39240bc87e0f4d6a76526e4766", "commit": "7fd4abf8cfbfe8860cebd144999645ee61b4a9a6", "tag": "proof-4f4ce044"}}
[SUCCESS] Packet sent over local network socket.
[PURE-TERMUX] Broadcast Packet: {"node": "ATOM-TRUTH", "env": "Termux-Android", "epoch": 1789909326, "ledger_tip": {"timestamp": "2026-09-20T12:49:57Z", "repo": "/data/data/com.termux/files/home/robdoerootauthority", "merkle_root": "4f4ce0448682145147f2f90925f8ae62c6837b39240bc87e0f4d6a76526e4766", "commit": "7fd4abf8cfbfe8860cebd144999645ee61b4a9a6", "tag": "proof-4f4ce044"}}
[SUCCESS] Packet sent over local network socket.
[PURE-TERMUX] Broadcast Packet: {"node": "ATOM-TRUTH", "env": "Termux-Android", "epoch": 1789909336, "ledger_tip": {"timestamp": "2026-09-20T12:49:57Z", "repo": "/data/data/com.termux/files/home/robdoerootauthority", "merkle_root": "4f4ce0448682145147f2f90925f8ae62c6837b39240bc87e0f4d6a76526e4766", "commit": "7fd4abf8cfbfe8860cebd144999645ee61b4a9a6", "tag": "proof-4f4ce044"}}
[SUCCESS] Packet sent over local network socket.
[PURE-TERMUX] Broadcast Packet: {"node": "ATOM-TRUTH", "env": "Termux-Android", "epoch": 1789909346, "ledger_tip": {"timestamp": "2026-09-20T12:49:57Z", "repo": "/data/data/com.termux/files/home/robdoerootauthority", "merkle_root": "4f4ce0448682145147f2f90925f8ae62c6837b39240bc87e0f4d6a76526e4766", "commit": "7fd4abf8cfbfe8860cebd144999645ee61b4a9a6", "tag": "proof-4f4ce044"}}
[SUCCESS] Packet sent over local network socket.
[PURE-TERMUX] Broadcast Packet: {"node": "ATOM-TRUTH", "env": "Termux-Android", "epoch": 1789909357, "ledger_tip": {"timestamp": "2026-09-20T12:49:57Z", "repo": "/data/data/com.termux/files/home/robdoerootauthority", "merkle_root": "4f4ce0448682145147f2f90925f8ae62c6837b39240bc87e0f4d6a76526e4766", "commit": "7fd4abf8cfbfe8860cebd144999645ee61b4a9a6", "tag": "proof-4f4ce044"}}
[SUCCESS] Packet sent over local network socket.
[PURE-TERMUX] Broadcast Packet: {"node": "ATOM-TRUTH", "env": "Termux-Android", "epoch": 1789909367, "ledger_tip": {"timestamp": "2026-09-20T12:49:57Z", "repo": "/data/data/com.termux/files/home/robdoerootauthority", "merkle_root": "4f4ce0448682145147f2f90925f8ae62c6837b39240bc87e0f4d6a76526e4766", "commit": "7fd4abf8cfbfe8860cebd144999645ee61b4a9a6", "tag": "proof-4f4ce044"}}
[SUCCESS] Packet sent over local network socket.
[PURE-TERMUX] Broadcast Packet: {"node": "ATOM-TRUTH", "env": "Termux-Android", "epoch": 1789909377, "ledger_tip": {"timestamp": "2026-09-20T12:49:57Z", "repo": "/data/data/com.termux/files/home/robdoerootauthority", "merkle_root": "4f4ce0448682145147f2f90925f8ae62c6837b39240bc87e0f4d6a76526e4766", "commit": "7fd4abf8cfbfe8860cebd144999645ee61b4a9a6", "tag": "proof-4f4ce044"}}
[SUCCESS] Packet sent over local network socket.
[PURE-TERMUX] Broadcast Packet: {"node": "ATOM-TRUTH", "env": "Termux-Android", "epoch": 1789909387, "ledger_tip": {"timestamp": "2026-09-20T12:49:57Z", "repo": "/data/data/com.termux/files/home/robdoerootauthority", "merkle_root": "4f4ce0448682145147f2f90925f8ae62c6837b39240bc87e0f4d6a76526e4766", "commit": "7fd4abf8cfbfe8860cebd144999645ee61b4a9a6", "tag": "proof-4f4ce044"}}
[SUCCESS] Packet sent over local network socket.
[PURE-TERMUX] Broadcast Packet: {"node": "ATOM-TRUTH", "env": "Termux-Android", "epoch": 1789909397, "ledger_tip": {"timestamp": "2026-09-20T12:49:57Z", "repo": "/data/data/com.termux/files/home/robdoerootauthority", "merkle_root": "4f4ce0448682145147f2f90925f8ae62c6837b39240bc87e0f4d6a76526e4766", "commit": "7fd4abf8cfbfe8860cebd144999645ee61b4a9a6", "tag": "proof-4f4ce044"}}
[SUCCESS] Packet sent over local network socket.
[PURE-TERMUX] Broadcast Packet: {"node": "ATOM-TRUTH", "env": "Termux-Android", "epoch": 1789909408, "ledger_tip": {"timestamp": "2026-09-20T12:49:57Z", "repo": "/data/data/com.termux/files/home/robdoerootauthority", "merkle_root": "4f4ce0448682145147f2f90925f8ae62c6837b39240bc87e0f4d6a76526e4766", "commit": "7fd4abf8cfbfe8860cebd144999645ee61b4a9a6", "tag": "proof-4f4ce044"}}
[SUCCESS] Packet sent over local network socket.
[PURE-TERMUX] Broadcast Packet: {"node": "ATOM-TRUTH", "env": "Termux-Android", "epoch": 1789909418, "ledger_tip": {"timestamp": "2026-09-20T12:49:57Z", "repo": "/data/data/com.termux/files/home/robdoerootauthority", "merkle_root": "4f4ce0448682145147f2f90925f8ae62c6837b39240bc87e0f4d6a76526e4766", "commit": "7fd4abf8cfbfe8860cebd144999645ee61b4a9a6", "tag": "proof-4f4ce044"}}
[SUCCESS] Packet sent over local network socket.
[PURE-TERMUX] Broadcast Packet: {"node": "ATOM-TRUTH", "env": "Termux-Android", "epoch": 1789909428, "ledger_tip": {"timestamp": "2026-09-20T12:49:57Z", "repo": "/data/data/com.termux/files/home/robdoerootauthority", "merkle_root": "4f4ce0448682145147f2f90925f8ae62c6837b39240bc87e0f4d6a76526e4766", "commit": "7fd4abf8cfbfe8860cebd144999645ee61b4a9a6", "tag": "proof-4f4ce044"}}
[SUCCESS] Packet sent over local network socket.
[PURE-TERMUX] Broadcast Packet: {"node": "ATOM-TRUTH", "env": "Termux-Android", "epoch": 1789909438, "ledger_tip": {"timestamp": "2026-09-20T12:49:57Z", "repo": "/data/data/com.termux/files/home/robdoerootauthority", "merkle_root": "4f4ce0448682145147f2f90925f8ae62c6837b39240bc87e0f4d6a76526e4766", "commit": "7fd4abf8cfbfe8860cebd144999645ee61b4a9a6", "tag": "proof-4f4ce044"}}
[SUCCESS] Packet sent over local network socket.
[PURE-TERMUX] Broadcast Packet: {"node": "ATOM-TRUTH", "env": "Termux-Android", "epoch": 1789909449, "ledger_tip": {"timestamp": "2026-09-20T12:49:57Z", "repo": "/data/data/com.termux/files/home/robdoerootauthority", "merkle_root": "4f4ce0448682145147f2f90925f8ae62c6837b39240bc87e0f4d6a76526e4766", "commit": "7fd4abf8cfbfe8860cebd144999645ee61b4a9a6", "tag": "proof-4f4ce044"}}
[SUCCESS] Packet sent over local network socket.
[PURE-TERMUX] Broadcast Packet: {"node": "ATOM-TRUTH", "env": "Termux-Android", "epoch": 1789909459, "ledger_tip": {"timestamp": "2026-09-20T12:49:57Z", "repo": "/data/data/com.termux/files/home/robdoerootauthority", "merkle_root": "4f4ce0448682145147f2f90925f8ae62c6837b39240bc87e0f4d6a76526e4766", "commit": "7fd4abf8cfbfe8860cebd144999645ee61b4a9a6", "tag": "proof-4f4ce044"}}
[SUCCESS] Packet sent over local network socket.
[PURE-TERMUX] Broadcast Packet: {"node": "ATOM-TRUTH", "env": "Termux-Android", "epoch": 1789909469, "ledger_tip": {"timestamp": "2026-09-20T12:49:57Z", "repo": "/data/data/com.termux/files/home/robdoerootauthority", "merkle_root": "4f4ce0448682145147f2f90925f8ae62c6837b39240bc87e0f4d6a76526e4766", "commit": "7fd4abf8cfbfe8860cebd144999645ee61b4a9a6", "tag": "proof-4f4ce044"}}
[SUCCESS] Packet sent over local network socket.
[PURE-TERMUX] Broadcast Packet: {"node": "ATOM-TRUTH", "env": "Termux-Android", "epoch": 1789909480, "ledger_tip": {"timestamp": "2026-09-20T12:49:57Z", "repo": "/data/data/com.termux/files/home/robdoerootauthority", "merkle_root": "4f4ce0448682145147f2f90925f8ae62c6837b39240bc87e0f4d6a76526e4766", "commit": "7fd4abf8cfbfe8860cebd144999645ee61b4a9a6", "tag": "proof-4f4ce044"}}
[SUCCESS] Packet sent over local network socket.
[PURE-TERMUX] Broadcast Packet: {"node": "ATOM-TRUTH", "env": "Termux-Android", "epoch": 1789909490, "ledger_tip": {"timestamp": "2026-09-20T12:49:57Z", "repo": "/data/data/com.termux/files/home/robdoerootauthority", "merkle_root": "4f4ce0448682145147f2f90925f8ae62c6837b39240bc87e0f4d6a76526e4766", "commit": "7fd4abf8cfbfe8860cebd144999645ee61b4a9a6", "tag": "proof-4f4ce044"}}
[SUCCESS] Packet sent over local network socket.
[PURE-TERMUX] Broadcast Packet: {"node": "ATOM-TRUTH", "env": "Termux-Android", "epoch": 1789909500, "ledger_tip": {"timestamp": "2026-09-20T12:49:57Z", "repo": "/data/data/com.termux/files/home/robdoerootauthority", "merkle_root": "4f4ce0448682145147f2f90925f8ae62c6837b39240bc87e0f4d6a76526e4766", "commit": "7fd4abf8cfbfe8860cebd144999645ee61b4a9a6", "tag": "proof-4f4ce044"}}
[SUCCESS] Packet sent over local network socket.
[PURE-TERMUX] Broadcast Packet: {"node": "ATOM-TRUTH", "env": "Termux-Android", "epoch": 1789909511, "ledger_tip": {"timestamp": "2026-09-20T12:49:57Z", "repo": "/data/data/com.termux/files/home/robdoerootauthority", "merkle_root": "4f4ce0448682145147f2f90925f8ae62c6837b39240bc87e0f4d6a76526e4766", "commit": "7fd4abf8cfbfe8860cebd144999645ee61b4a9a6", "tag": "proof-4f4ce044"}}
[SUCCESS] Packet sent over local network socket.
[PURE-TERMUX] Broadcast Packet: {"node": "ATOM-TRUTH", "env": "Termux-Android", "epoch": 1789909521, "ledger_tip": {"timestamp": "2026-09-20T12:49:57Z", "repo": "/data/data/com.termux/files/home/robdoerootauthority", "merkle_root": "4f4ce0448682145147f2f90925f8ae62c6837b39240bc87e0f4d6a76526e4766", "commit": "7fd4abf8cfbfe8860cebd144999645ee61b4a9a6", "tag": "proof-4f4ce044"}}
[SUCCESS] Packet sent over local network socket.
[PURE-TERMUX] Broadcast Packet: {"node": "ATOM-TRUTH", "env": "Termux-Android", "epoch": 1789909531, "ledger_tip": {"timestamp": "2026-09-20T12:49:57Z", "repo": "/data/data/com.termux/files/home/robdoerootauthority", "merkle_root": "4f4ce0448682145147f2f90925f8ae62c6837b39240bc87e0f4d6a76526e4766", "commit": "7fd4abf8cfbfe8860cebd144999645ee61b4a9a6", "tag": "proof-4f4ce044"}}
[SUCCESS] Packet sent over local network socket.
[PURE-TERMUX] Broadcast Packet: {"node": "ATOM-TRUTH", "env": "Termux-Android", "epoch": 1789909541, "ledger_tip": {"timestamp": "2026-09-20T12:49:57Z", "repo": "/data/data/com.termux/files/home/robdoerootauthority", "merkle_root": "4f4ce0448682145147f2f90925f8ae62c6837b39240bc87e0f4d6a76526e4766", "commit": "7fd4abf8cfbfe8860cebd144999645ee61b4a9a6", "tag": "proof-4f4ce044"}}
[SUCCESS] Packet sent over local network socket.
[PURE-TERMUX] Broadcast Packet: {"node": "ATOM-TRUTH", "env": "Termux-Android", "epoch": 1789909551, "ledger_tip": {"timestamp": "2026-09-20T12:49:57Z", "repo": "/data/data/com.termux/files/home/robdoerootauthority", "merkle_root": "4f4ce0448682145147f2f90925f8ae62c6837b39240bc87e0f4d6a76526e4766", "commit": "7fd4abf8cfbfe8860cebd144999645ee61b4a9a6", "tag": "proof-4f4ce044"}}
[SUCCESS] Packet sent over local network socket.
[PURE-TERMUX] Broadcast Packet: {"node": "ATOM-TRUTH", "env": "Termux-Android", "epoch": 1789909562, "ledger_tip": {"timestamp": "2026-09-20T12:49:57Z", "repo": "/data/data/com.termux/files/home/robdoerootauthority", "merkle_root": "4f4ce0448682145147f2f90925f8ae62c6837b39240bc87e0f4d6a76526e4766", "commit": "7fd4abf8cfbfe8860cebd144999645ee61b4a9a6", "tag": "proof-4f4ce044"}}
[SUCCESS] Packet sent over local network socket.
[PURE-TERMUX] Broadcast Packet: {"node": "ATOM-TRUTH", "env": "Termux-Android", "epoch": 1789909573, "ledger_tip": {"timestamp": "2026-09-20T12:49:57Z", "repo": "/data/data/com.termux/files/home/robdoerootauthority", "merkle_root": "4f4ce0448682145147f2f90925f8ae62c6837b39240bc87e0f4d6a76526e4766", "commit": "7fd4abf8cfbfe8860cebd144999645ee61b4a9a6", "tag": "proof-4f4ce044"}}
[SUCCESS] Packet sent over local network socket.
[PURE-TERMUX] Broadcast Packet: {"node": "ATOM-TRUTH", "env": "Termux-Android", "epoch": 1789909583, "ledger_tip": {"timestamp": "2026-09-20T12:49:57Z", "repo": "/data/data/com.termux/files/home/robdoerootauthority", "merkle_root": "4f4ce0448682145147f2f90925f8ae62c6837b39240bc87e0f4d6a76526e4766", "commit": "7fd4abf8cfbfe8860cebd144999645ee61b4a9a6", "tag": "proof-4f4ce044"}}
[SUCCESS] Packet sent over local network socket.
[PURE-TERMUX] Broadcast Packet: {"node": "ATOM-TRUTH", "env": "Termux-Android", "epoch": 1789909593, "ledger_tip": {"timestamp": "2026-09-20T12:49:57Z", "repo": "/data/data/com.termux/files/home/robdoerootauthority", "merkle_root": "4f4ce0448682145147f2f90925f8ae62c6837b39240bc87e0f4d6a76526e4766", "commit": "7fd4abf8cfbfe8860cebd144999645ee61b4a9a6", "tag": "proof-4f4ce044"}}
[SUCCESS] Packet sent over local network socket.
[PURE-TERMUX] Broadcast Packet: {"node": "ATOM-TRUTH", "env": "Termux-Android", "epoch": 1789909603, "ledger_tip": {"timestamp": "2026-09-20T12:49:57Z", "repo": "/data/data/com.termux/files/home/robdoerootauthority", "merkle_root": "4f4ce0448682145147f2f90925f8ae62c6837b39240bc87e0f4d6a76526e4766", "commit": "7fd4abf8cfbfe8860cebd144999645ee61b4a9a6", "tag": "proof-4f4ce044"}}
[SUCCESS] Packet sent over local network socket.
[PURE-TERMUX] Broadcast Packet: {"node": "ATOM-TRUTH", "env": "Termux-Android", "epoch": 1789909614, "ledger_tip": {"timestamp": "2026-09-20T12:49:57Z", "repo": "/data/data/com.termux/files/home/robdoerootauthority", "merkle_root": "4f4ce0448682145147f2f90925f8ae62c6837b39240bc87e0f4d6a76526e4766", "commit": "7fd4abf8cfbfe8860cebd144999645ee61b4a9a6", "tag": "proof-4f4ce044"}}
[SUCCESS] Packet sent over local network socket.
[PURE-TERMUX] Broadcast Packet: {"node": "ATOM-TRUTH", "env": "Termux-Android", "epoch": 1789909624, "ledger_tip": {"timestamp": "2026-09-20T12:49:57Z", "repo": "/data/data/com.termux/files/home/robdoerootauthority", "merkle_root": "4f4ce0448682145147f2f90925f8ae62c6837b39240bc87e0f4d6a76526e4766", "commit": "7fd4abf8cfbfe8860cebd144999645ee61b4a9a6", "tag": "proof-4f4ce044"}}
[SUCCESS] Packet sent over local network socket.
[PURE-TERMUX] Broadcast Packet: {"node": "ATOM-TRUTH", "env": "Termux-Android", "epoch": 1789909634, "ledger_tip": {"timestamp": "2026-09-20T12:49:57Z", "repo": "/data/data/com.termux/files/home/robdoerootauthority", "merkle_root": "4f4ce0448682145147f2f90925f8ae62c6837b39240bc87e0f4d6a76526e4766", "commit": "7fd4abf8cfbfe8860cebd144999645ee61b4a9a6", "tag": "proof-4f4ce044"}}
[SUCCESS] Packet sent over local network socket.
[PURE-TERMUX] Broadcast Packet: {"node": "ATOM-TRUTH", "env": "Termux-Android", "epoch": 1789909644, "ledger_tip": {"timestamp": "2026-09-20T12:49:57Z", "repo": "/data/data/com.termux/files/home/robdoerootauthority", "merkle_root": "4f4ce0448682145147f2f90925f8ae62c6837b39240bc87e0f4d6a76526e4766", "commit": "7fd4abf8cfbfe8860cebd144999645ee61b4a9a6", "tag": "proof-4f4ce044"}}
[SUCCESS] Packet sent over local network socket.
[PURE-TERMUX] Broadcast Packet: {"node": "ATOM-TRUTH", "env": "Termux-Android", "epoch": 1789909654, "ledger_tip": {"timestamp": "2026-09-20T12:49:57Z", "repo": "/data/data/com.termux/files/home/robdoerootauthority", "merkle_root": "4f4ce0448682145147f2f90925f8ae62c6837b39240bc87e0f4d6a76526e4766", "commit": "7fd4abf8cfbfe8860cebd144999645ee61b4a9a6", "tag": "proof-4f4ce044"}}
[SUCCESS] Packet sent over local network socket.
[PURE-TERMUX] Broadcast Packet: {"node": "ATOM-TRUTH", "env": "Termux-Android", "epoch": 1789909665, "ledger_tip": {"timestamp": "2026-09-20T12:49:57Z", "repo": "/data/data/com.termux/files/home/robdoerootauthority", "merkle_root": "4f4ce0448682145147f2f90925f8ae62c6837b39240bc87e0f4d6a76526e4766", "commit": "7fd4abf8cfbfe8860cebd144999645ee61b4a9a6", "tag": "proof-4f4ce044"}}
[SUCCESS] Packet sent over local network socket.
[PURE-TERMUX] Broadcast Packet: {"node": "ATOM-TRUTH", "env": "Termux-Android", "epoch": 1789909675, "ledger_tip": {"timestamp": "2026-09-20T12:49:57Z", "repo": "/data/data/com.termux/files/home/robdoerootauthority", "merkle_root": "4f4ce0448682145147f2f90925f8ae62c6837b39240bc87e0f4d6a76526e4766", "commit": "7fd4abf8cfbfe8860cebd144999645ee61b4a9a6", "tag": "proof-4f4ce044"}}
[SUCCESS] Packet sent over local network socket.
[PURE-TERMUX] Broadcast Packet: {"node": "ATOM-TRUTH", "env": "Termux-Android", "epoch": 1789909685, "ledger_tip": {"timestamp": "2026-09-20T12:49:57Z", "repo": "/data/data/com.termux/files/home/robdoerootauthority", "merkle_root": "4f4ce0448682145147f2f90925f8ae62c6837b39240bc87e0f4d6a76526e4766", "commit": "7fd4abf8cfbfe8860cebd144999645ee61b4a9a6", "tag": "proof-4f4ce044"}}
[SUCCESS] Packet sent over local network socket.
[PURE-TERMUX] Broadcast Packet: {"node": "ATOM-TRUTH", "env": "Termux-Android", "epoch": 1789909696, "ledger_tip": {"timestamp": "2026-09-20T12:49:57Z", "repo": "/data/data/com.termux/files/home/robdoerootauthority", "merkle_root": "4f4ce0448682145147f2f90925f8ae62c6837b39240bc87e0f4d6a76526e4766", "commit": "7fd4abf8cfbfe8860cebd144999645ee61b4a9a6", "tag": "proof-4f4ce044"}}
[SUCCESS] Packet sent over local network socket.
[PURE-TERMUX] Broadcast Packet: {"node": "ATOM-TRUTH", "env": "Termux-Android", "epoch": 1789909706, "ledger_tip": {"timestamp": "2026-09-20T12:49:57Z", "repo": "/data/data/com.termux/files/home/robdoerootauthority", "merkle_root": "4f4ce0448682145147f2f90925f8ae62c6837b39240bc87e0f4d6a76526e4766", "commit": "7fd4abf8cfbfe8860cebd144999645ee61b4a9a6", "tag": "proof-4f4ce044"}}
[SUCCESS] Packet sent over local network socket.
[PURE-TERMUX] Broadcast Packet: {"node": "ATOM-TRUTH", "env": "Termux-Android", "epoch": 1789909716, "ledger_tip": {"timestamp": "2026-09-20T12:49:57Z", "repo": "/data/data/com.termux/files/home/robdoerootauthority", "merkle_root": "4f4ce0448682145147f2f90925f8ae62c6837b39240bc87e0f4d6a76526e4766", "commit": "7fd4abf8cfbfe8860cebd144999645ee61b4a9a6", "tag": "proof-4f4ce044"}}
[SUCCESS] Packet sent over local network socket.
[PURE-TERMUX] Broadcast Packet: {"node": "ATOM-TRUTH", "env": "Termux-Android", "epoch": 1789909726, "ledger_tip": {"timestamp": "2026-09-20T12:49:57Z", "repo": "/data/data/com.termux/files/home/robdoerootauthority", "merkle_root": "4f4ce0448682145147f2f90925f8ae62c6837b39240bc87e0f4d6a76526e4766", "commit": "7fd4abf8cfbfe8860cebd144999645ee61b4a9a6", "tag": "proof-4f4ce044"}}
[SUCCESS] Packet sent over local network socket.
[PURE-TERMUX] Broadcast Packet: {"node": "ATOM-TRUTH", "env": "Termux-Android", "epoch": 1789909737, "ledger_tip": {"timestamp": "2026-09-20T12:49:57Z", "repo": "/data/data/com.termux/files/home/robdoerootauthority", "merkle_root": "4f4ce0448682145147f2f90925f8ae62c6837b39240bc87e0f4d6a76526e4766", "commit": "7fd4abf8cfbfe8860cebd144999645ee61b4a9a6", "tag": "proof-4f4ce044"}}
[SUCCESS] Packet sent over local network socket.
[PURE-TERMUX] Broadcast Packet: {"node": "ATOM-TRUTH", "env": "Termux-Android", "epoch": 1789909747, "ledger_tip": {"timestamp": "2026-09-20T12:49:57Z", "repo": "/data/data/com.termux/files/home/robdoerootauthority", "merkle_root": "4f4ce0448682145147f2f90925f8ae62c6837b39240bc87e0f4d6a76526e4766", "commit": "7fd4abf8cfbfe8860cebd144999645ee61b4a9a6", "tag": "proof-4f4ce044"}}
[SUCCESS] Packet sent over local network socket.
[PURE-TERMUX] Broadcast Packet: {"node": "ATOM-TRUTH", "env": "Termux-Android", "epoch": 1789909757, "ledger_tip": {"timestamp": "2026-09-20T12:49:57Z", "repo": "/data/data/com.termux/files/home/robdoerootauthority", "merkle_root": "4f4ce0448682145147f2f90925f8ae62c6837b39240bc87e0f4d6a76526e4766", "commit": "7fd4abf8cfbfe8860cebd144999645ee61b4a9a6", "tag": "proof-4f4ce044"}}
[SUCCESS] Packet sent over local network socket.
[PURE-TERMUX] Broadcast Packet: {"node": "ATOM-TRUTH", "env": "Termux-Android", "epoch": 1789909767, "ledger_tip": {"timestamp": "2026-09-20T12:49:57Z", "repo": "/data/data/com.termux/files/home/robdoerootauthority", "merkle_root": "4f4ce0448682145147f2f90925f8ae62c6837b39240bc87e0f4d6a76526e4766", "commit": "7fd4abf8cfbfe8860cebd144999645ee61b4a9a6", "tag": "proof-4f4ce044"}}
[SUCCESS] Packet sent over local network socket.
[PURE-TERMUX] Broadcast Packet: {"node": "ATOM-TRUTH", "env": "Termux-Android", "epoch": 1789909777, "ledger_tip": {"timestamp": "2026-09-20T12:49:57Z", "repo": "/data/data/com.termux/files/home/robdoerootauthority", "merkle_root": "4f4ce0448682145147f2f90925f8ae62c6837b39240bc87e0f4d6a76526e4766", "commit": "7fd4abf8cfbfe8860cebd144999645ee61b4a9a6", "tag": "proof-4f4ce044"}}
[SUCCESS] Packet sent over local network socket.
[PURE-TERMUX] Broadcast Packet: {"node": "ATOM-TRUTH", "env": "Termux-Android", "epoch": 1789909788, "ledger_tip": {"timestamp": "2026-09-20T12:49:57Z", "repo": "/data/data/com.termux/files/home/robdoerootauthority", "merkle_root": "4f4ce0448682145147f2f90925f8ae62c6837b39240bc87e0f4d6a76526e4766", "commit": "7fd4abf8cfbfe8860cebd144999645ee61b4a9a6", "tag": "proof-4f4ce044"}}
[SUCCESS] Packet sent over local network socket.
[PURE-TERMUX] Broadcast Packet: {"node": "ATOM-TRUTH", "env": "Termux-Android", "epoch": 1789909798, "ledger_tip": {"timestamp": "2026-09-20T12:49:57Z", "repo": "/data/data/com.termux/files/home/robdoerootauthority", "merkle_root": "4f4ce0448682145147f2f90925f8ae62c6837b39240bc87e0f4d6a76526e4766", "commit": "7fd4abf8cfbfe8860cebd144999645ee61b4a9a6", "tag": "proof-4f4ce044"}}
[SUCCESS] Packet sent over local network socket.
[PURE-TERMUX] Broadcast Packet: {"node": "ATOM-TRUTH", "env": "Termux-Android", "epoch": 1789909808, "ledger_tip": {"timestamp": "2026-09-20T12:49:57Z", "repo": "/data/data/com.termux/files/home/robdoerootauthority", "merkle_root": "4f4ce0448682145147f2f90925f8ae62c6837b39240bc87e0f4d6a76526e4766", "commit": "7fd4abf8cfbfe8860cebd144999645ee61b4a9a6", "tag": "proof-4f4ce044"}}
[SUCCESS] Packet sent over local network socket.
[PURE-TERMUX] Broadcast Packet: {"node": "ATOM-TRUTH", "env": "Termux-Android", "epoch": 1789909819, "ledger_tip": {"timestamp": "2026-09-20T12:49:57Z", "repo": "/data/data/com.termux/files/home/robdoerootauthority", "merkle_root": "4f4ce0448682145147f2f90925f8ae62c6837b39240bc87e0f4d6a76526e4766", "commit": "7fd4abf8cfbfe8860cebd144999645ee61b4a9a6", "tag": "proof-4f4ce044"}}
[SUCCESS] Packet sent over local network socket.
[PURE-TERMUX] Broadcast Packet: {"node": "ATOM-TRUTH", "env": "Termux-Android", "epoch": 1789909829, "ledger_tip": {"timestamp": "2026-09-20T12:49:57Z", "repo": "/data/data/com.termux/files/home/robdoerootauthority", "merkle_root": "4f4ce0448682145147f2f90925f8ae62c6837b39240bc87e0f4d6a76526e4766", "commit": "7fd4abf8cfbfe8860cebd144999645ee61b4a9a6", "tag": "proof-4f4ce044"}}
[SUCCESS] Packet sent over local network socket.
[PURE-TERMUX] Broadcast Packet: {"node": "ATOM-TRUTH", "env": "Termux-Android", "epoch": 1789909839, "ledger_tip": {"timestamp": "2026-09-20T12:49:57Z", "repo": "/data/data/com.termux/files/home/robdoerootauthority", "merkle_root": "4f4ce0448682145147f2f90925f8ae62c6837b39240bc87e0f4d6a76526e4766", "commit": "7fd4abf8cfbfe8860cebd144999645ee61b4a9a6", "tag": "proof-4f4ce044"}}
[SUCCESS] Packet sent over local network socket.
[PURE-TERMUX] Broadcast Packet: {"node": "ATOM-TRUTH", "env": "Termux-Android", "epoch": 1789909849, "ledger_tip": {"timestamp": "2026-09-20T12:49:57Z", "repo": "/data/data/com.termux/files/home/robdoerootauthority", "merkle_root": "4f4ce0448682145147f2f90925f8ae62c6837b39240bc87e0f4d6a76526e4766", "commit": "7fd4abf8cfbfe8860cebd144999645ee61b4a9a6", "tag": "proof-4f4ce044"}}
[SUCCESS] Packet sent over local network socket.
[PURE-TERMUX] Broadcast Packet: {"node": "ATOM-TRUTH", "env": "Termux-Android", "epoch": 1789909859, "ledger_tip": {"timestamp": "2026-09-20T12:49:57Z", "repo": "/data/data/com.termux/files/home/robdoerootauthority", "merkle_root": "4f4ce0448682145147f2f90925f8ae62c6837b39240bc87e0f4d6a76526e4766", "commit": "7fd4abf8cfbfe8860cebd144999645ee61b4a9a6", "tag": "proof-4f4ce044"}}
[SUCCESS] Packet sent over local network socket.
[PURE-TERMUX] Broadcast Packet: {"node": "ATOM-TRUTH", "env": "Termux-Android", "epoch": 1789909870, "ledger_tip": {"timestamp": "2026-09-20T12:49:57Z", "repo": "/data/data/com.termux/files/home/robdoerootauthority", "merkle_root": "4f4ce0448682145147f2f90925f8ae62c6837b39240bc87e0f4d6a76526e4766", "commit": "7fd4abf8cfbfe8860cebd144999645ee61b4a9a6", "tag": "proof-4f4ce044"}}
[SUCCESS] Packet sent over local network socket.
[PURE-TERMUX] Broadcast Packet: {"node": "ATOM-TRUTH", "env": "Termux-Android", "epoch": 1789909880, "ledger_tip": {"timestamp": "2026-09-20T12:49:57Z", "repo": "/data/data/com.termux/files/home/robdoerootauthority", "merkle_root": "4f4ce0448682145147f2f90925f8ae62c6837b39240bc87e0f4d6a76526e4766", "commit": "7fd4abf8cfbfe8860cebd144999645ee61b4a9a6", "tag": "proof-4f4ce044"}}
[SUCCESS] Packet sent over local network socket.
[PURE-TERMUX] Broadcast Packet: {"node": "ATOM-TRUTH", "env": "Termux-Android", "epoch": 1789909890, "ledger_tip": {"timestamp": "2026-09-20T12:49:57Z", "repo": "/data/data/com.termux/files/home/robdoerootauthority", "merkle_root": "4f4ce0448682145147f2f90925f8ae62c6837b39240bc87e0f4d6a76526e4766", "commit": "7fd4abf8cfbfe8860cebd144999645ee61b4a9a6", "tag": "proof-4f4ce044"}}
[SUCCESS] Packet sent over local network socket.
[PURE-TERMUX] Broadcast Packet: {"node": "ATOM-TRUTH", "env": "Termux-Android", "epoch": 1789909900, "ledger_tip": {"timestamp": "2026-09-20T12:49:57Z", "repo": "/data/data/com.termux/files/home/robdoerootauthority", "merkle_root": "4f4ce0448682145147f2f90925f8ae62c6837b39240bc87e0f4d6a76526e4766", "commit": "7fd4abf8cfbfe8860cebd144999645ee61b4a9a6", "tag": "proof-4f4ce044"}}
[SUCCESS] Packet sent over local network socket.
[PURE-TERMUX] Broadcast Packet: {"node": "ATOM-TRUTH", "env": "Termux-Android", "epoch": 1789909910, "ledger_tip": {"timestamp": "2026-09-20T12:49:57Z", "repo": "/data/data/com.termux/files/home/robdoerootauthority", "merkle_root": "4f4ce0448682145147f2f90925f8ae62c6837b39240bc87e0f4d6a76526e4766", "commit": "7fd4abf8cfbfe8860cebd144999645ee61b4a9a6", "tag": "proof-4f4ce044"}}
[SUCCESS] Packet sent over local network socket.
[PURE-TERMUX] Broadcast Packet: {"node": "ATOM-TRUTH", "env": "Termux-Android", "epoch": 1789909921, "ledger_tip": {"timestamp": "2026-09-20T12:49:57Z", "repo": "/data/data/com.termux/files/home/robdoerootauthority", "merkle_root": "4f4ce0448682145147f2f90925f8ae62c6837b39240bc87e0f4d6a76526e4766", "commit": "7fd4abf8cfbfe8860cebd144999645ee61b4a9a6", "tag": "proof-4f4ce044"}}
[SUCCESS] Packet sent over local network socket.
[PURE-TERMUX] Broadcast Packet: {"node": "ATOM-TRUTH", "env": "Termux-Android", "epoch": 1789909931, "ledger_tip": {"timestamp": "2026-09-20T12:49:57Z", "repo": "/data/data/com.termux/files/home/robdoerootauthority", "merkle_root": "4f4ce0448682145147f2f90925f8ae62c6837b39240bc87e0f4d6a76526e4766", "commit": "7fd4abf8cfbfe8860cebd144999645ee61b4a9a6", "tag": "proof-4f4ce044"}}
[SUCCESS] Packet sent over local network socket.
[PURE-TERMUX] Broadcast Packet: {"node": "ATOM-TRUTH", "env": "Termux-Android", "epoch": 1789909941, "ledger_tip": {"timestamp": "2026-09-20T12:49:57Z", "repo": "/data/data/com.termux/files/home/robdoerootauthority", "merkle_root": "4f4ce0448682145147f2f90925f8ae62c6837b39240bc87e0f4d6a76526e4766", "commit": "7fd4abf8cfbfe8860cebd144999645ee61b4a9a6", "tag": "proof-4f4ce044"}}
[SUCCESS] Packet sent over local network socket.
[PURE-TERMUX] Broadcast Packet: {"node": "ATOM-TRUTH", "env": "Termux-Android", "epoch": 1789909951, "ledger_tip": {"timestamp": "2026-09-20T12:49:57Z", "repo": "/data/data/com.termux/files/home/robdoerootauthority", "merkle_root": "4f4ce0448682145147f2f90925f8ae62c6837b39240bc87e0f4d6a76526e4766", "commit": "7fd4abf8cfbfe8860cebd144999645ee61b4a9a6", "tag": "proof-4f4ce044"}}
[SUCCESS] Packet sent over local network socket.
[PURE-TERMUX] Broadcast Packet: {"node": "ATOM-TRUTH", "env": "Termux-Android", "epoch": 1789909962, "ledger_tip": {"timestamp": "2026-09-20T12:49:57Z", "repo": "/data/data/com.termux/files/home/robdoerootauthority", "merkle_root": "4f4ce0448682145147f2f90925f8ae62c6837b39240bc87e0f4d6a76526e4766", "commit": "7fd4abf8cfbfe8860cebd144999645ee61b4a9a6", "tag": "proof-4f4ce044"}}
[SUCCESS] Packet sent over local network socket.
[PURE-TERMUX] Broadcast Packet: {"node": "ATOM-TRUTH", "env": "Termux-Android", "epoch": 1789909972, "ledger_tip": {"timestamp": "2026-09-20T12:49:57Z", "repo": "/data/data/com.termux/files/home/robdoerootauthority", "merkle_root": "4f4ce0448682145147f2f90925f8ae62c6837b39240bc87e0f4d6a76526e4766", "commit": "7fd4abf8cfbfe8860cebd144999645ee61b4a9a6", "tag": "proof-4f4ce044"}}
[SUCCESS] Packet sent over local network socket.
[PURE-TERMUX] Broadcast Packet: {"node": "ATOM-TRUTH", "env": "Termux-Android", "epoch": 1789909982, "ledger_tip": {"timestamp": "2026-09-20T12:49:57Z", "repo": "/data/data/com.termux/files/home/robdoerootauthority", "merkle_root": "4f4ce0448682145147f2f90925f8ae62c6837b39240bc87e0f4d6a76526e4766", "commit": "7fd4abf8cfbfe8860cebd144999645ee61b4a9a6", "tag": "proof-4f4ce044"}}
[SUCCESS] Packet sent over local network socket.
[PURE-TERMUX] Broadcast Packet: {"node": "ATOM-TRUTH", "env": "Termux-Android", "epoch": 1789909992, "ledger_tip": {"timestamp": "2026-09-20T12:49:57Z", "repo": "/data/data/com.termux/files/home/robdoerootauthority", "merkle_root": "4f4ce0448682145147f2f90925f8ae62c6837b39240bc87e0f4d6a76526e4766", "commit": "7fd4abf8cfbfe8860cebd144999645ee61b4a9a6", "tag": "proof-4f4ce044"}}
[SUCCESS] Packet sent over local network socket.
[PURE-TERMUX] Broadcast Packet: {"node": "ATOM-TRUTH", "env": "Termux-Android", "epoch": 1789910003, "ledger_tip": {"timestamp": "2026-09-20T12:49:57Z", "repo": "/data/data/com.termux/files/home/robdoerootauthority", "merkle_root": "4f4ce0448682145147f2f90925f8ae62c6837b39240bc87e0f4d6a76526e4766", "commit": "7fd4abf8cfbfe8860cebd144999645ee61b4a9a6", "tag": "proof-4f4ce044"}}
[SUCCESS] Packet sent over local network socket.
[PURE-TERMUX] Broadcast Packet: {"node": "ATOM-TRUTH", "env": "Termux-Android", "epoch": 1789910013, "ledger_tip": {"timestamp": "2026-09-20T12:49:57Z", "repo": "/data/data/com.termux/files/home/robdoerootauthority", "merkle_root": "4f4ce0448682145147f2f90925f8ae62c6837b39240bc87e0f4d6a76526e4766", "commit": "7fd4abf8cfbfe8860cebd144999645ee61b4a9a6", "tag": "proof-4f4ce044"}}
[SUCCESS] Packet sent over local network socket.
[PURE-TERMUX] Broadcast Packet: {"node": "ATOM-TRUTH", "env": "Termux-Android", "epoch": 1789910023, "ledger_tip": {"timestamp": "2026-09-20T12:49:57Z", "repo": "/data/data/com.termux/files/home/robdoerootauthority", "merkle_root": "4f4ce0448682145147f2f90925f8ae62c6837b39240bc87e0f4d6a76526e4766", "commit": "7fd4abf8cfbfe8860cebd144999645ee61b4a9a6", "tag": "proof-4f4ce044"}}
[SUCCESS] Packet sent over local network socket.
[PURE-TERMUX] Broadcast Packet: {"node": "ATOM-TRUTH", "env": "Termux-Android", "epoch": 1789910033, "ledger_tip": {"timestamp": "2026-09-20T12:49:57Z", "repo": "/data/data/com.termux/files/home/robdoerootauthority", "merkle_root": "4f4ce0448682145147f2f90925f8ae62c6837b39240bc87e0f4d6a76526e4766", "commit": "7fd4abf8cfbfe8860cebd144999645ee61b4a9a6", "tag": "proof-4f4ce044"}}
[SUCCESS] Packet sent over local network socket.
[PURE-TERMUX] Broadcast Packet: {"node": "ATOM-TRUTH", "env": "Termux-Android", "epoch": 1789910044, "ledger_tip": {"timestamp": "2026-09-20T12:49:57Z", "repo": "/data/data/com.termux/files/home/robdoerootauthority", "merkle_root": "4f4ce0448682145147f2f90925f8ae62c6837b39240bc87e0f4d6a76526e4766", "commit": "7fd4abf8cfbfe8860cebd144999645ee61b4a9a6", "tag": "proof-4f4ce044"}}
[SUCCESS] Packet sent over local network socket.
[PURE-TERMUX] Broadcast Packet: {"node": "ATOM-TRUTH", "env": "Termux-Android", "epoch": 1789910054, "ledger_tip": {"timestamp": "2026-09-20T12:49:57Z", "repo": "/data/data/com.termux/files/home/robdoerootauthority", "merkle_root": "4f4ce0448682145147f2f90925f8ae62c6837b39240bc87e0f4d6a76526e4766", "commit": "7fd4abf8cfbfe8860cebd144999645ee61b4a9a6", "tag": "proof-4f4ce044"}}
[SUCCESS] Packet sent over local network socket.
[PURE-TERMUX] Broadcast Packet: {"node": "ATOM-TRUTH", "env": "Termux-Android", "epoch": 1789910064, "ledger_tip": {"timestamp": "2026-09-20T12:49:57Z", "repo": "/data/data/com.termux/files/home/robdoerootauthority", "merkle_root": "4f4ce0448682145147f2f90925f8ae62c6837b39240bc87e0f4d6a76526e4766", "commit": "7fd4abf8cfbfe8860cebd144999645ee61b4a9a6", "tag": "proof-4f4ce044"}}
[SUCCESS] Packet sent over local network socket.
[PURE-TERMUX] Broadcast Packet: {"node": "ATOM-TRUTH", "env": "Termux-Android", "epoch": 1789910074, "ledger_tip": {"timestamp": "2026-09-20T12:49:57Z", "repo": "/data/data/com.termux/files/home/robdoerootauthority", "merkle_root": "4f4ce0448682145147f2f90925f8ae62c6837b39240bc87e0f4d6a76526e4766", "commit": "7fd4abf8cfbfe8860cebd144999645ee61b4a9a6", "tag": "proof-4f4ce044"}}
[SUCCESS] Packet sent over local network socket.
[PURE-TERMUX] Broadcast Packet: {"node": "ATOM-TRUTH", "env": "Termux-Android", "epoch": 1789910085, "ledger_tip": {"timestamp": "2026-09-20T12:49:57Z", "repo": "/data/data/com.termux/files/home/robdoerootauthority", "merkle_root": "4f4ce0448682145147f2f90925f8ae62c6837b39240bc87e0f4d6a76526e4766", "commit": "7fd4abf8cfbfe8860cebd144999645ee61b4a9a6", "tag": "proof-4f4ce044"}}
[SUCCESS] Packet sent over local network socket.
[PURE-TERMUX] Broadcast Packet: {"node": "ATOM-TRUTH", "env": "Termux-Android", "epoch": 1789910095, "ledger_tip": {"timestamp": "2026-09-20T12:49:57Z", "repo": "/data/data/com.termux/files/home/robdoerootauthority", "merkle_root": "4f4ce0448682145147f2f90925f8ae62c6837b39240bc87e0f4d6a76526e4766", "commit": "7fd4abf8cfbfe8860cebd144999645ee61b4a9a6", "tag": "proof-4f4ce044"}}
[SUCCESS] Packet sent over local network socket.
[PURE-TERMUX] Broadcast Packet: {"node": "ATOM-TRUTH", "env": "Termux-Android", "epoch": 1789910105, "ledger_tip": {"timestamp": "2026-09-20T12:49:57Z", "repo": "/data/data/com.termux/files/home/robdoerootauthority", "merkle_root": "4f4ce0448682145147f2f90925f8ae62c6837b39240bc87e0f4d6a76526e4766", "commit": "7fd4abf8cfbfe8860cebd144999645ee61b4a9a6", "tag": "proof-4f4ce044"}}
[SUCCESS] Packet sent over local network socket.
[PURE-TERMUX] Broadcast Packet: {"node": "ATOM-TRUTH", "env": "Termux-Android", "epoch": 1789910115, "ledger_tip": {"timestamp": "2026-09-20T12:49:57Z", "repo": "/data/data/com.termux/files/home/robdoerootauthority", "merkle_root": "4f4ce0448682145147f2f90925f8ae62c6837b39240bc87e0f4d6a76526e4766", "commit": "7fd4abf8cfbfe8860cebd144999645ee61b4a9a6", "tag": "proof-4f4ce044"}}
[SUCCESS] Packet sent over local network socket.
[PURE-TERMUX] Broadcast Packet: {"node": "ATOM-TRUTH", "env": "Termux-Android", "epoch": 1789910126, "ledger_tip": {"timestamp": "2026-09-20T12:49:57Z", "repo": "/data/data/com.termux/files/home/robdoerootauthority", "merkle_root": "4f4ce0448682145147f2f90925f8ae62c6837b39240bc87e0f4d6a76526e4766", "commit": "7fd4abf8cfbfe8860cebd144999645ee61b4a9a6", "tag": "proof-4f4ce044"}}
[SUCCESS] Packet sent over local network socket.
[PURE-TERMUX] Broadcast Packet: {"node": "ATOM-TRUTH", "env": "Termux-Android", "epoch": 1789910136, "ledger_tip": {"timestamp": "2026-09-20T12:49:57Z", "repo": "/data/data/com.termux/files/home/robdoerootauthority", "merkle_root": "4f4ce0448682145147f2f90925f8ae62c6837b39240bc87e0f4d6a76526e4766", "commit": "7fd4abf8cfbfe8860cebd144999645ee61b4a9a6", "tag": "proof-4f4ce044"}}
[SUCCESS] Packet sent over local network socket.
[PURE-TERMUX] Broadcast Packet: {"node": "ATOM-TRUTH", "env": "Termux-Android", "epoch": 1789910146, "ledger_tip": {"timestamp": "2026-09-20T12:49:57Z", "repo": "/data/data/com.termux/files/home/robdoerootauthority", "merkle_root": "4f4ce0448682145147f2f90925f8ae62c6837b39240bc87e0f4d6a76526e4766", "commit": "7fd4abf8cfbfe8860cebd144999645ee61b4a9a6", "tag": "proof-4f4ce044"}}
[SUCCESS] Packet sent over local network socket.
[PURE-TERMUX] Broadcast Packet: {"node": "ATOM-TRUTH", "env": "Termux-Android", "epoch": 1789910156, "ledger_tip": {"timestamp": "2026-09-20T12:49:57Z", "repo": "/data/data/com.termux/files/home/robdoerootauthority", "merkle_root": "4f4ce0448682145147f2f90925f8ae62c6837b39240bc87e0f4d6a76526e4766", "commit": "7fd4abf8cfbfe8860cebd144999645ee61b4a9a6", "tag": "proof-4f4ce044"}}
[SUCCESS] Packet sent over local network socket.
[PURE-TERMUX] Broadcast Packet: {"node": "ATOM-TRUTH", "env": "Termux-Android", "epoch": 1789910166, "ledger_tip": {"timestamp": "2026-09-20T12:49:57Z", "repo": "/data/data/com.termux/files/home/robdoerootauthority", "merkle_root": "4f4ce0448682145147f2f90925f8ae62c6837b39240bc87e0f4d6a76526e4766", "commit": "7fd4abf8cfbfe8860cebd144999645ee61b4a9a6", "tag": "proof-4f4ce044"}}
[SUCCESS] Packet sent over local network socket.
[PURE-TERMUX] Broadcast Packet: {"node": "ATOM-TRUTH", "env": "Termux-Android", "epoch": 1789910177, "ledger_tip": {"timestamp": "2026-09-20T12:49:57Z", "repo": "/data/data/com.termux/files/home/robdoerootauthority", "merkle_root": "4f4ce0448682145147f2f90925f8ae62c6837b39240bc87e0f4d6a76526e4766", "commit": "7fd4abf8cfbfe8860cebd144999645ee61b4a9a6", "tag": "proof-4f4ce044"}}
[SUCCESS] Packet sent over local network socket.
[PURE-TERMUX] Broadcast Packet: {"node": "ATOM-TRUTH", "env": "Termux-Android", "epoch": 1789910187, "ledger_tip": {"timestamp": "2026-09-20T12:49:57Z", "repo": "/data/data/com.termux/files/home/robdoerootauthority", "merkle_root": "4f4ce0448682145147f2f90925f8ae62c6837b39240bc87e0f4d6a76526e4766", "commit": "7fd4abf8cfbfe8860cebd144999645ee61b4a9a6", "tag": "proof-4f4ce044"}}
[SUCCESS] Packet sent over local network socket.
[PURE-TERMUX] Broadcast Packet: {"node": "ATOM-TRUTH", "env": "Termux-Android", "epoch": 1789910197, "ledger_tip": {"timestamp": "2026-09-20T12:49:57Z", "repo": "/data/data/com.termux/files/home/robdoerootauthority", "merkle_root": "4f4ce0448682145147f2f90925f8ae62c6837b39240bc87e0f4d6a76526e4766", "commit": "7fd4abf8cfbfe8860cebd144999645ee61b4a9a6", "tag": "proof-4f4ce044"}}
[SUCCESS] Packet sent over local network socket.
