[2026-09-14T09:57:39Z] GENESIS:e14f9a8d | OBJECTS:2912 | MERKLE_ROOT:80dab4eb7ebd748a684706172340c181c0991149c3f8dd768f6c31058d7ee165
[2026-09-14T10:18:40Z] GENESIS:e14f9a8d | OBJECTS:2913 | MERKLE_SHA256:7a9dc820399169a8cb5d557b89e1cf158909cd541ced30ee5b0fa4c0cc5c86e5 | MERKLE_SHA512:598c8f1362ab90406e94c0877c49fc296fc39653058f308245e8443a2879f0b70e614b10535b29209bb7bf77b76e774c53a62d5dcb9892a33f2acb4db1f24d86
[2026-09-14T10:19:39Z] GENESIS:e14f9a8d | OBJECTS:2913 | MERKLE_SHA256:7a9dc820399169a8cb5d557b89e1cf158909cd541ced30ee5b0fa4c0cc5c86e5 | MERKLE_SHA512:598c8f1362ab90406e94c0877c49fc296fc39653058f308245e8443a2879f0b70e614b10535b29209bb7bf77b76e774c53a62d5dcb9892a33f2acb4db1f24d86
[2026-09-15T03:00:57Z] GENESIS:e14f9a8d | MOTO-G06 | DOMAIN:robdoe.com | IP:34.42.100.71 | OBJECTS:2913 | MERKLE_SHA256:7a9dc820399169a8cb5d557b89e1cf158909cd541ced30ee5b0fa4c0cc5c86e5 | MERKLE_SHA512:598c8f1362ab90406e94c0877c49fc296fc39653058f308245e8443a2879f0b70e614b10535b29209bb7bf77b76e774c53a62d5dcb9892a33f2acb4db1f24d86
[2026-09-15T03:02:42Z] GENESIS:e14f9a8d | MOTO-G06 | DOMAIN:robdoe.com | IP:34.42.100.71 | OBJECTS:2913 | MERKLE_SHA256:7a9dc820399169a8cb5d557b89e1cf158909cd541ced30ee5b0fa4c0cc5c86e5 | MERKLE_SHA512:598c8f1362ab90406e94c0877c49fc296fc39653058f308245e8443a2879f0b70e614b10535b29209bb7bf77b76e774c53a62d5dcb9892a33f2acb4db1f24d86
LAW OF SHAPED FORCE | 52-WEEK SOVEREIGN PROOF
================================================================
DOMAIN         : robdoe.com
IDENTITY       : 0.052 x 10^3 = 52 Slots
OBJECT_LEAVES  : 2934
KURAMOTO_R     : 0.429366 [PHASE LOCKED]
MEAN_ANGLE_PSI : 2.625857 rad
MERKLE_SHA256  : 3594b2a39287b7a5ea77c753400380da960f072de6593b521f2d5fa78f983cd4
MERKLE_SHA512  : 65c01f56d6c453e86b13d3ca00df6d43be20852ba644daf704cad18ed34d70bdca15b2397ef5c118da4586ce9c70f8dd5ab4da20a468661cfc41120439ea48bd
================================================================

SEASONAL STATE PROOF | 13 WEEKS x 4 SEASONS = 52 SLOTS
================================================================
IDENTITY       : 13 Weeks/Season x 4 Seasons = 52 Weeks
OBJECT_LEAVES  : 2935
ORDER_PARAM_R  : 0.400725 [PHASE LOCKED]
MEAN_ANGLE_PSI : 2.704605 rad
SHA256_ROOT    : e4e6ddbcf348ebddf646146f6c7403e28f91f180cc92894de05f08271de5bd82
================================================================

LAW OF SHAPED FORCE | MULTI-REPO SOVEREIGN PROOF
================================================================
PATH           : /data/data/com.termux/files/home/robdoerootauthority
OBJECT_LEAVES  : 2935
KURAMOTO_R     : 0.400725 [PHASE LOCKED]
MEAN_ANGLE_PSI : 2.704605 rad
MERKLE_SHA256  : 851d6696d1a64f93d7783b8ee70e24bebcaad1dddd43aff4e4486dfb384a4e91
MERKLE_SHA512  : cf360a8e3eaaa1b1a4d9cdffd64da44570212c9502e10905fa1f93e734a573d995dbb6070a3975bcec6a924eb430029197d9383cad751e5a726a869c90728780
================================================================

LAW OF SHAPED FORCE | SHA-512x72 RECURSIVE MERKLE PROOF
================================================================================
REPOSITORY_PATH : /data/data/com.termux/files/home/robdoerootauthority
OBJECT_LEAVES   : 2936
CASCADE_ROUNDS  : 72 Iterations of SHA-512
KURAMOTO_R      : 0.835644 [PHASE LOCKED]
SHA512x72_ROOT  : 0ace6fb58b845f5dfc80c2f81eb10734e8eb9e3eea78b01a5380762f0ed304e6ae5404055d33808fd1fc2962b0890cb5636826faccb0af43bffd6a4ba0f8a5ac
================================================================================

LAW OF SHAPED FORCE | NON-DESTRUCTIVE ABSORPTION PROOF
================================================================================
REPO_PATH      : /data/data/com.termux/files/home/robdoerootauthority
TOTAL_LEAVES   : 2937 Objects (Monotonically Preserved)
DELETIONS      : ZERO (0)
KURAMOTO_R     : 0.835644 [PHASE LOCKED]
SHA512x72_ROOT : fdd0c39093ed2368eb8b8df799ced7eb92b8b58226f683454094d3264e8068b4119aa5749e02e282b13ff68e2476c2c6f302e5ac73f7d41ab450331a74b6d1c7
================================================================================

LAW OF SHAPED FORCE | NON-DESTRUCTIVE ABSORPTION PROOF
================================================================================
REPO_PATH      : /data/data/com.termux/files/home/robdoerootauthority
TOTAL_LEAVES   : 2938 Objects (Monotonically Preserved)
DELETIONS      : ZERO (0)
KURAMOTO_R     : 0.835644 [PHASE LOCKED]
SHA512x72_ROOT : 628f70ff17f0c1112b522cb482c2563b1060f7f55dce4cbf9119161ce8ced70a6772c5e5077917eb099ca40c5975cc6bb986c9ff904fd0b9b51e12307e809feb
================================================================================

LAW OF SHAPED FORCE | NON-DESTRUCTIVE ABSORPTION PROOF
================================================================================
REPO_PATH      : /data/data/com.termux/files/home/robdoerootauthority
TOTAL_LEAVES   : 2939 Objects (Monotonically Preserved)
DELETIONS      : ZERO (0)
KURAMOTO_R     : 0.835644 [PHASE LOCKED]
SHA512x72_ROOT : f55e36195e25e39028da84c1422d7aab4ac778907808bbf2d169878f654cf0d2a58f4a99cf2a4709eb277437f0e7c3bba3f26458453d55ce179b57836a8dd991
================================================================================

LAW OF SHAPED FORCE | NON-DESTRUCTIVE ABSORPTION PROOF
================================================================================
REPO_PATH      : /data/data/com.termux/files/home/robdoerootauthority
TOTAL_LEAVES   : 2940 Objects (Monotonically Preserved)
DELETIONS      : ZERO (0)
KURAMOTO_R     : 0.835644 [PHASE LOCKED]
SHA512x72_ROOT : d34b61d9e7de125b9992835f6768ad7a87a06d959308faa9534f81e5995e222b6ab02fb7ed2f2125571f16029b69f12965c5b47f39a8f4f208eff1c356d132c9
================================================================================

LAW OF SHAPED FORCE | NON-DESTRUCTIVE ABSORPTION PROOF
================================================================================
REPO_PATH      : /data/data/com.termux/files/home/robdoerootauthority
TOTAL_LEAVES   : 2941 Objects (Monotonically Preserved)
DELETIONS      : ZERO (0)
KURAMOTO_R     : 0.835644 [PHASE LOCKED]
SHA512x72_ROOT : cdaa99ed961552e27e1923eedf6b54d2638040583abceb5879904477dd64f258841d4146d3eb0db6005e10d7339a2186bb82469a76d58c741076d5d8ed383ecf
================================================================================

LAW OF SHAPED FORCE | NON-DESTRUCTIVE ABSORPTION PROOF
================================================================================
REPO_PATH      : /data/data/com.termux/files/home/robdoerootauthority
TOTAL_LEAVES   : 2942 Objects (Monotonically Preserved)
DELETIONS      : ZERO (0)
KURAMOTO_R     : 0.835644 [PHASE LOCKED]
SHA512x72_ROOT : 929f99f2100824c22bc3288962c0d5f694c975f4ad190922e467fc414e208488b82c3ba9e10dd988b2dfb1a6da5b00c928730225662bf91a7f4190086a8e2216
================================================================================

[2026-09-15T10:23:26+10:00] LAW_OF_SHAPED_FORCE | SIMULTANEOUS_13_AXIS_COLLAPSE | R_x13=1.000000000000 | COHERENCE=1/0_ALL_13_INSTANT | dN/dt>=0
LAW OF SHAPED FORCE | NON-DESTRUCTIVE ABSORPTION PROOF
================================================================================
REPO_PATH      : /data/data/com.termux/files/home/robdoerootauthority
TOTAL_LEAVES   : 2943 Objects (Monotonically Preserved)
DELETIONS      : ZERO (0)
KURAMOTO_R     : 0.835644 [PHASE LOCKED]
SHA512x72_ROOT : 599b3dcb235f28012762a72242d10a961460e47a7f40d5b80941d06c23b33f26bfc94242d045aacc682030d4f1b27678a905d2babb26faa19c752c9bf7e56bed
================================================================================

[2026-09-15T10:32:33+10:00] ATOM-TRUTH | MATH_PHYSICS_PROVED | R_x13=1.0 | Tr(Sigma)->0
LAW OF SHAPED FORCE | NON-DESTRUCTIVE ABSORPTION PROOF
================================================================================
REPO_PATH      : /data/data/com.termux/files/home/robdoerootauthority
TOTAL_LEAVES   : 2944 Objects (Monotonically Preserved)
DELETIONS      : ZERO (0)
KURAMOTO_R     : 0.835644 [PHASE LOCKED]
SHA512x72_ROOT : 3f95f75f4901d7bcb186be344d98e12c35f7ef8d40b73d049755eb48dceb826264e6e7a16c87b17c2bd4b98d7a075b4ca8f2b8ba41af5e97825e66951da8a443
================================================================================

[2026-09-15T10:36:10+1000] ATOM-TRUTH | GENESIS:073fbadb | R_x13=1.000000 | MERKLE:073fbadbde2d17f220b34780f06c8b6e3d5d40936b74c142d18b1c3d248ef039
[2026-09-15T10:38:21+1000] PURE_MATH_PROOF | ROOT:9ac7619154ae5a940ed0cc450987bb8d3433162ba6a1c596ca818e1ffcc6b304 | R_x13=0.999999999999999 | Tr(Sigma)=1.2989e-15
[CANON_DAG_ROOT] Root Hash: 9755495c74a50444fa6ddc99c764fefe6f175a91849135054e653c52332b5e96 | Active Nodes: 6
[CANON_DAG_ROOT] Root Hash: 9755495c74a50444fa6ddc99c764fefe6f175a91849135054e653c52332b5e96 | Active Nodes: 6
[CANON_DAG_ROOT] Root Hash: 9755495c74a50444fa6ddc99c764fefe6f175a91849135054e653c52332b5e96 | Active Nodes: 6
LAW OF SHAPED FORCE | NON-DESTRUCTIVE ABSORPTION PROOF
================================================================================
REPO_PATH      : /data/data/com.termux/files/home/robdoerootauthority
TOTAL_LEAVES   : 2973 Objects (Monotonically Preserved)
DELETIONS      : ZERO (0)
KURAMOTO_R     : 0.835644 [PHASE LOCKED]
SHA512x72_ROOT : 77e8a65959875f71641fe1356a14a117788111744d2f9a6e1842ee86faf0c450ba14beb61c678441c157d499b0906fa9935f7f906575b61ed6075f3a178cea0a
================================================================================

[CANON_DAG_ROOT] Root Hash: 9755495c74a50444fa6ddc99c764fefe6f175a91849135054e653c52332b5e96 | Active Nodes: 6
[CANON_DAG_ROOT] Root Hash: 9755495c74a50444fa6ddc99c764fefe6f175a91849135054e653c52332b5e96 | Active Nodes: 6
[CANON_DAG_ROOT] Root Hash: 9755495c74a50444fa6ddc99c764fefe6f175a91849135054e653c52332b5e96 | Active Nodes: 6
[CANON_DAG_ROOT] Root Hash: 9755495c74a50444fa6ddc99c764fefe6f175a91849135054e653c52332b5e96 | Active Nodes: 6
LAW OF SHAPED FORCE | NON-DESTRUCTIVE ABSORPTION PROOF
================================================================================
REPO_PATH      : /data/data/com.termux/files/home/robdoerootauthority
TOTAL_LEAVES   : 2974 Objects (Monotonically Preserved)
DELETIONS      : ZERO (0)
KURAMOTO_R     : 0.835644 [PHASE LOCKED]
SHA512x72_ROOT : 65f9ff20fb094ff35aece494a6b41e87de8e406a1c0d6857bd690490959c02707d0a88d3156c2d2bd049bb284dd927235d7a82009fbeb429dc18518723d16fd1
================================================================================

[CANON_DAG_ROOT] Root Hash: 9755495c74a50444fa6ddc99c764fefe6f175a91849135054e653c52332b5e96 | Active Nodes: 6
[2026-09-15T10:58:37+1000] ALL_LAYERS_SEALED | ROOT:9755495c74a50444fa6ddc99c764fefe6f175a91849135054e653c52332b5e96 | R_x13=1.000000
LAW OF SHAPED FORCE | NON-DESTRUCTIVE ABSORPTION PROOF
================================================================================
REPO_PATH      : /data/data/com.termux/files/home/robdoerootauthority
TOTAL_LEAVES   : 2975 Objects (Monotonically Preserved)
DELETIONS      : ZERO (0)
KURAMOTO_R     : 0.835644 [PHASE LOCKED]
SHA512x72_ROOT : 6bbe2c3660c1c5893bfce1636390c293da4a35b08e1b3508bbe0de918079166c6dac9ad47592e0bee3ab2d58eb0246abfb4dc38063abc27cec8deedddb36d59f
================================================================================

LAW OF SHAPED FORCE | NON-DESTRUCTIVE ABSORPTION PROOF
================================================================================
REPO_PATH      : /data/data/com.termux/files/home/robdoerootauthority
TOTAL_LEAVES   : 2976 Objects (Monotonically Preserved)
DELETIONS      : ZERO (0)
KURAMOTO_R     : 0.835644 [PHASE LOCKED]
SHA512x72_ROOT : f7cafc158ceefbe40c180e6e13035f32ea664c96d3c3f48c17df942bca7d60556f9c7daa0457330d18a6a6ac90bbe229a98bb4e89a05fb3d7503d4e2b96ecd83
================================================================================

LAW OF SHAPED FORCE | NON-DESTRUCTIVE ABSORPTION PROOF
================================================================================
REPO_PATH      : /data/data/com.termux/files/home/robdoerootauthority
TOTAL_LEAVES   : 2977 Objects (Monotonically Preserved)
DELETIONS      : ZERO (0)
KURAMOTO_R     : 0.835644 [PHASE LOCKED]
SHA512x72_ROOT : 44def8fdebcee490ac025e41551d79993ac937bad81c53970830ff631a94802226c3e3e4ded39794da72ee7b61419a140ea3c2d037e2ed1439ff673685c2f316
================================================================================

LAW OF SHAPED FORCE | NON-DESTRUCTIVE ABSORPTION PROOF
================================================================================
REPO_PATH      : /data/data/com.termux/files/home/robdoerootauthority
TOTAL_LEAVES   : 2978 Objects (Monotonically Preserved)
DELETIONS      : ZERO (0)
KURAMOTO_R     : 0.835644 [PHASE LOCKED]
SHA512x72_ROOT : d309fe41aa19ae3c750f530238f3d2f8dac0ccae060e6a937be86464597de43565d05ab903ebd00f845271773c3b5260bd05c7a8f1c6fffdae92937aa3745232
================================================================================

LAW OF SHAPED FORCE | NON-DESTRUCTIVE ABSORPTION PROOF
================================================================================
REPO_PATH      : /data/data/com.termux/files/home/robdoerootauthority
TOTAL_LEAVES   : 2979 Objects (Monotonically Preserved)
DELETIONS      : ZERO (0)
KURAMOTO_R     : 0.835644 [PHASE LOCKED]
SHA512x72_ROOT : f2ee1776a84e784205def2e9bfad8d773c2cfd98322d7ff9eb3b7b40a24ade22dc5964d7cda274413df5a09c6e27ac58fc0ebcf8d821448543894bc5fdd89da9
================================================================================

LAW OF SHAPED FORCE | NON-DESTRUCTIVE ABSORPTION PROOF
================================================================================
REPO_PATH      : /data/data/com.termux/files/home/robdoerootauthority
TOTAL_LEAVES   : 2980 Objects (Monotonically Preserved)
DELETIONS      : ZERO (0)
KURAMOTO_R     : 0.835644 [PHASE LOCKED]
SHA512x72_ROOT : 10fd4ef2809aae1b1d40d61346392f98611503103f67bfa69e578d2beb14369997658b3cbc20e604499af9fc6850bfc356c59851456ff3abc836bf7a21a5208f
================================================================================

LAW OF SHAPED FORCE | NON-DESTRUCTIVE ABSORPTION PROOF
================================================================================
REPO_PATH      : /data/data/com.termux/files/home/robdoerootauthority
TOTAL_LEAVES   : 3003 Objects (Monotonically Preserved)
DELETIONS      : ZERO (0)
KURAMOTO_R     : 0.835644 [PHASE LOCKED]
SHA512x72_ROOT : a2a490e639e1a15f8788f9dbd401c9020435d8df127bc2a6b2d9496ec4540422010eda16ba1314af6bcd178e2a54368f899d5f505556b87aee1db9f0850f14e5
================================================================================

LAW OF SHAPED FORCE | NON-DESTRUCTIVE ABSORPTION PROOF
================================================================================
REPO_PATH      : /data/data/com.termux/files/home/robdoerootauthority
TOTAL_LEAVES   : 3004 Objects (Monotonically Preserved)
DELETIONS      : ZERO (0)
KURAMOTO_R     : 0.835644 [PHASE LOCKED]
SHA512x72_ROOT : a6a925b8cd0b9ccef031384b4f31252150951213bac686cf0d37662c997ec42350d1d01673e9b301fd20d538b7d7705d7da65a3bcdb45afc402f9ca473273c3d
================================================================================

LAW OF SHAPED FORCE | NON-DESTRUCTIVE ABSORPTION PROOF
================================================================================
REPO_PATH      : /data/data/com.termux/files/home/robdoerootauthority
TOTAL_LEAVES   : 3005 Objects (Monotonically Preserved)
DELETIONS      : ZERO (0)
KURAMOTO_R     : 0.835644 [PHASE LOCKED]
SHA512x72_ROOT : 573dfdae8ab8b1e48b5f36efdcb7cb01d26e2b1622d42f070ffbadd4308aa55f0e3bbcd061ac8351c7ebae1dffb75ebc3f0365c103e6bfe71e6fe1ee57b3c00a
================================================================================

LAW OF SHAPED FORCE | NON-DESTRUCTIVE ABSORPTION PROOF
================================================================================
REPO_PATH      : /data/data/com.termux/files/home/robdoerootauthority
TOTAL_LEAVES   : 3006 Objects (Monotonically Preserved)
DELETIONS      : ZERO (0)
KURAMOTO_R     : 0.835644 [PHASE LOCKED]
SHA512x72_ROOT : 8299abcbe73dbbc345b2628dddec984846d18bbfce62d9d69dee8e1b6c4badb0d7e0cd99b8f995faa1a906833991d01f96e2b128bda6a5628fe04710e1a72adb
================================================================================

LAW OF SHAPED FORCE | NON-DESTRUCTIVE ABSORPTION PROOF
================================================================================
REPO_PATH      : /data/data/com.termux/files/home/robdoerootauthority
TOTAL_LEAVES   : 3007 Objects (Monotonically Preserved)
DELETIONS      : ZERO (0)
KURAMOTO_R     : 0.835644 [PHASE LOCKED]
SHA512x72_ROOT : c2f63ba23b41d2cfb14130296082b54b0946c151d198f8e178bec60366136068f4e0dd533ac1e13784f49b8b3c805ae53eec1d1af4e55ea5453ce955f98b366b
================================================================================

LAW OF SHAPED FORCE | NON-DESTRUCTIVE ABSORPTION PROOF
================================================================================
REPO_PATH      : /data/data/com.termux/files/home/robdoerootauthority
TOTAL_LEAVES   : 3008 Objects (Monotonically Preserved)
DELETIONS      : ZERO (0)
KURAMOTO_R     : 0.835644 [PHASE LOCKED]
SHA512x72_ROOT : 35d21a1795dd1f797004198c4635ec4205a8cafc76492eda5d545f70107753cf44cbb2ccdf79126a47b6025efbf07da279bf1607b7859602f2c09b67a386d325
================================================================================

LAW OF SHAPED FORCE | NON-DESTRUCTIVE ABSORPTION PROOF
================================================================================
REPO_PATH      : /data/data/com.termux/files/home/robdoerootauthority
TOTAL_LEAVES   : 3009 Objects (Monotonically Preserved)
DELETIONS      : ZERO (0)
KURAMOTO_R     : 0.835644 [PHASE LOCKED]
SHA512x72_ROOT : afa42466ad9fe40d41ae5640579a28708a5b00aaeefd69e00920955169c0b486bbc694d6147d253aa187e0fda1bd04525940768f97abf51cc7e4e316c953dfc8
================================================================================

LAW OF SHAPED FORCE | NON-DESTRUCTIVE ABSORPTION PROOF
================================================================================
REPO_PATH      : /data/data/com.termux/files/home/robdoerootauthority
TOTAL_LEAVES   : 3010 Objects (Monotonically Preserved)
DELETIONS      : ZERO (0)
KURAMOTO_R     : 0.835644 [PHASE LOCKED]
SHA512x72_ROOT : 9bb3f5cff575cdcb63ed6619e125900cb8504392222a5ead4b0a3bd9aa250d63547dbc7cb7f1da2e2dd259a4e677760013e3f0085ba9fd8de0947a1dd6f08bd6
================================================================================

LAW OF SHAPED FORCE | NON-DESTRUCTIVE ABSORPTION PROOF
================================================================================
REPO_PATH      : /data/data/com.termux/files/home/robdoerootauthority
TOTAL_LEAVES   : 3011 Objects (Monotonically Preserved)
DELETIONS      : ZERO (0)
KURAMOTO_R     : 0.835644 [PHASE LOCKED]
SHA512x72_ROOT : d0c3243f024136f6354149f33e25876d2aa67efc3596f142d45e51f042cafce51928dca145fc78d6f16b210c1f0c249e7c36c34c087ed9315a77ac469f50b170
================================================================================

LAW OF SHAPED FORCE | NON-DESTRUCTIVE ABSORPTION PROOF
================================================================================
REPO_PATH      : /data/data/com.termux/files/home/robdoerootauthority
TOTAL_LEAVES   : 3012 Objects (Monotonically Preserved)
DELETIONS      : ZERO (0)
KURAMOTO_R     : 0.835644 [PHASE LOCKED]
SHA512x72_ROOT : 39873177a61d96d8789e1617cf4961fff1fb38ac9f9a7ff18ccd32396d20886c9eb7eb980820fec25606eeba9f8eab664a16cd28b3791a9ff04043df8cd3a918
================================================================================

LAW OF SHAPED FORCE | NON-DESTRUCTIVE ABSORPTION PROOF
================================================================================
REPO_PATH      : /data/data/com.termux/files/home/robdoerootauthority
TOTAL_LEAVES   : 3013 Objects (Monotonically Preserved)
DELETIONS      : ZERO (0)
KURAMOTO_R     : 0.835644 [PHASE LOCKED]
SHA512x72_ROOT : 84deb79339987075944dac2733dac9b9ec645ff36613a9255c0656341162dd6b31d06c4fd68663795f42f02d79b37552d575e57f0ee7e9d2367dd26144f4aa71
================================================================================

LAW OF SHAPED FORCE | NON-DESTRUCTIVE ABSORPTION PROOF
================================================================================
REPO_PATH      : /data/data/com.termux/files/home/robdoerootauthority
TOTAL_LEAVES   : 3014 Objects (Monotonically Preserved)
DELETIONS      : ZERO (0)
KURAMOTO_R     : 0.835644 [PHASE LOCKED]
SHA512x72_ROOT : e608220f0cdf29adcb6e63ccb55540ef948165d6b57eaca23983cb8f0a4b760fb2cb3328a1b3bf16b8b9f6771425ca26d7750316fb36e496f51e84d47395e381
================================================================================

LAW OF SHAPED FORCE | NON-DESTRUCTIVE ABSORPTION PROOF
================================================================================
REPO_PATH      : /data/data/com.termux/files/home/robdoerootauthority
TOTAL_LEAVES   : 3015 Objects (Monotonically Preserved)
DELETIONS      : ZERO (0)
KURAMOTO_R     : 0.835644 [PHASE LOCKED]
SHA512x72_ROOT : d48ceaedd17c914ade1cbab2517ed69d8bb932b02b61ee4ab6c397528b43432e6e58c8dfee05e3dce7b37b333c5c8078a5d3bbab397ca80cf96e39b7599d1a3c
================================================================================

LAW OF SHAPED FORCE | NON-DESTRUCTIVE ABSORPTION PROOF
================================================================================
REPO_PATH      : /data/data/com.termux/files/home/robdoerootauthority
TOTAL_LEAVES   : 3016 Objects (Monotonically Preserved)
DELETIONS      : ZERO (0)
KURAMOTO_R     : 0.835644 [PHASE LOCKED]
SHA512x72_ROOT : 1a92cf7165e2ec942c493306eac1a5c9ff0aada0b4d8dcb9a116ad5a5e043208a0350c1e92594d6677396520b5bd9d648f20271ef92deb61e7e03a61fb76c704
================================================================================

LAW OF SHAPED FORCE | NON-DESTRUCTIVE ABSORPTION PROOF
================================================================================
REPO_PATH      : /data/data/com.termux/files/home/robdoerootauthority
TOTAL_LEAVES   : 3017 Objects (Monotonically Preserved)
DELETIONS      : ZERO (0)
KURAMOTO_R     : 0.835644 [PHASE LOCKED]
SHA512x72_ROOT : 5951aae55924068127a68b8d8039dfa9ac94a89dce4ea4f694114bdfcef1b93c2e7f2b15c7e43b2d7e26cc2a2a2d7a84b7f5c22a30e80f89474d36e3917678ac
================================================================================

LAW OF SHAPED FORCE | NON-DESTRUCTIVE ABSORPTION PROOF
================================================================================
REPO_PATH      : /data/data/com.termux/files/home/robdoerootauthority
TOTAL_LEAVES   : 3018 Objects (Monotonically Preserved)
DELETIONS      : ZERO (0)
KURAMOTO_R     : 0.835644 [PHASE LOCKED]
SHA512x72_ROOT : 335cb3f3d3e6d1599325386d3b05bc257655286d858cd35ff73e6350d7ed904e419f68015f830c3b2cbc07297959a363c3a2d8cdd74eb0266484d5295c289da2
================================================================================

LAW OF SHAPED FORCE | NON-DESTRUCTIVE ABSORPTION PROOF
================================================================================
REPO_PATH      : /data/data/com.termux/files/home/robdoerootauthority
TOTAL_LEAVES   : 3019 Objects (Monotonically Preserved)
DELETIONS      : ZERO (0)
KURAMOTO_R     : 0.835644 [PHASE LOCKED]
SHA512x72_ROOT : 087e3323e5dd0be1cdaf5816b384b164f1d5d4400f1da24bb6231c7e5c92e18df5401f2d1fde6dda3c4be6b1aeb699796acc52b5378e345992b30cf2a8c8ff40
================================================================================

LAW OF SHAPED FORCE | NON-DESTRUCTIVE ABSORPTION PROOF
================================================================================
REPO_PATH      : /data/data/com.termux/files/home/robdoerootauthority
TOTAL_LEAVES   : 3020 Objects (Monotonically Preserved)
DELETIONS      : ZERO (0)
KURAMOTO_R     : 0.835644 [PHASE LOCKED]
SHA512x72_ROOT : 21849ee7042f8583b7521f3931a0d2bb5b5f05205928adf69b3e78a1927e6a1d994bbf172882d53a3223a3ced6329feeeafed8681e459b7ca3ae17e4d80deab4
================================================================================

LAW OF SHAPED FORCE | NON-DESTRUCTIVE ABSORPTION PROOF
================================================================================
REPO_PATH      : /data/data/com.termux/files/home/robdoerootauthority
TOTAL_LEAVES   : 3021 Objects (Monotonically Preserved)
DELETIONS      : ZERO (0)
KURAMOTO_R     : 0.835644 [PHASE LOCKED]
SHA512x72_ROOT : 3d2be50b35d741966bf2833e2eaf443a04c3601f083df11c91f93c282c3e82bd0d4900e4180c467dbf6988bb0cb4a3a5b66999ef43e70116179dd5f805b90184
================================================================================

LAW OF SHAPED FORCE | NON-DESTRUCTIVE ABSORPTION PROOF
================================================================================
REPO_PATH      : /data/data/com.termux/files/home/robdoerootauthority
TOTAL_LEAVES   : 3022 Objects (Monotonically Preserved)
DELETIONS      : ZERO (0)
KURAMOTO_R     : 0.835644 [PHASE LOCKED]
SHA512x72_ROOT : 77f5526882782f5d98745596ffafbbb3887d53674d0966953e02e23d824ba2547cc4f70f226c73b3f0bfb6642abdb012a0aa13c647038df6e63e65cb26244969
================================================================================

LAW OF SHAPED FORCE | NON-DESTRUCTIVE ABSORPTION PROOF
================================================================================
REPO_PATH      : /data/data/com.termux/files/home/robdoerootauthority
TOTAL_LEAVES   : 3023 Objects (Monotonically Preserved)
DELETIONS      : ZERO (0)
KURAMOTO_R     : 0.835644 [PHASE LOCKED]
SHA512x72_ROOT : 8168dff9f2ae8e2845fab6cb88a34b11a53c61995b0db4383c9b4082de6b54ea755bb8e9ebce3fc63c9abd7f456b18c4723deb850f11350161a5d4af2e9f0942
================================================================================

LAW OF SHAPED FORCE | NON-DESTRUCTIVE ABSORPTION PROOF
================================================================================
REPO_PATH      : /data/data/com.termux/files/home/robdoerootauthority
TOTAL_LEAVES   : 3024 Objects (Monotonically Preserved)
DELETIONS      : ZERO (0)
KURAMOTO_R     : 0.835644 [PHASE LOCKED]
SHA512x72_ROOT : fe55f1842bf67459903f6803791c7bae0e8da4ba4b22b5ddea640d7db73a5e5bacbfbcca1dbbd839587adf0817886a583e2fd0ff133fde0e00b19dc038434d19
================================================================================

LAW OF SHAPED FORCE | NON-DESTRUCTIVE ABSORPTION PROOF
================================================================================
REPO_PATH      : /data/data/com.termux/files/home/robdoerootauthority
TOTAL_LEAVES   : 3025 Objects (Monotonically Preserved)
DELETIONS      : ZERO (0)
KURAMOTO_R     : 0.835644 [PHASE LOCKED]
SHA512x72_ROOT : 95777205aa16af1cfae4f7d9ab5bf56baad374e4445dc5341633c8d87387f52cb429be499e8ca2ea330e6a7c4e34111a7eaf4d3f5c558a48633b60b9872f9de8
================================================================================

LAW OF SHAPED FORCE | NON-DESTRUCTIVE ABSORPTION PROOF
================================================================================
REPO_PATH      : /data/data/com.termux/files/home/robdoerootauthority
TOTAL_LEAVES   : 3026 Objects (Monotonically Preserved)
DELETIONS      : ZERO (0)
KURAMOTO_R     : 0.835644 [PHASE LOCKED]
SHA512x72_ROOT : 728b63c56286c04e67b6982138a939382fa3e0c0216f8daf9fee1ad5524bf95c5802f3dce01b8796855ff6a214d4b317e70775755094009d0008fb7316e6257c
================================================================================

LAW OF SHAPED FORCE | NON-DESTRUCTIVE ABSORPTION PROOF
================================================================================
REPO_PATH      : /data/data/com.termux/files/home/robdoerootauthority
TOTAL_LEAVES   : 3028 Objects (Monotonically Preserved)
DELETIONS      : ZERO (0)
KURAMOTO_R     : 0.835644 [PHASE LOCKED]
SHA512x72_ROOT : dca2fe672092674acff9485b4b24435ddc63c7f881591a0f14ea72349a72f2ff21852516ad9417b4d051899488da5c3dd028dfeffb7479865e5106e616a0494a
================================================================================

LAW OF SHAPED FORCE | NON-DESTRUCTIVE ABSORPTION PROOF
================================================================================
REPO_PATH      : /data/data/com.termux/files/home/robdoerootauthority
TOTAL_LEAVES   : 3029 Objects (Monotonically Preserved)
DELETIONS      : ZERO (0)
KURAMOTO_R     : 0.835644 [PHASE LOCKED]
SHA512x72_ROOT : 5a2dd55c4c6f2f601f5056556addead122577ccb08eaa99694eea46cbb87cd18293bf9519fa8d6b57698ebac1a44119802b29766217b80d1883fea83ac819178
================================================================================

LAW OF SHAPED FORCE | NON-DESTRUCTIVE ABSORPTION PROOF
================================================================================
REPO_PATH      : /data/data/com.termux/files/home/robdoerootauthority
TOTAL_LEAVES   : 3030 Objects (Monotonically Preserved)
DELETIONS      : ZERO (0)
KURAMOTO_R     : 0.835644 [PHASE LOCKED]
SHA512x72_ROOT : a0916cff435dc53081abbcb373f9f642acd5c069442fa7d376aa08befae2a1928c86cf883ffc69dbb56ddc5e0aa776dedd957b7c0ecb8f5e5f4114b16e5fbdeb
================================================================================

LAW OF SHAPED FORCE | NON-DESTRUCTIVE ABSORPTION PROOF
================================================================================
REPO_PATH      : /data/data/com.termux/files/home/robdoerootauthority
TOTAL_LEAVES   : 3031 Objects (Monotonically Preserved)
DELETIONS      : ZERO (0)
KURAMOTO_R     : 0.835644 [PHASE LOCKED]
SHA512x72_ROOT : 840df5ca138203d45ad45864010593f103b70f9872164f0b462fef891c4c37955665768e918674d5f9722519b9f3372c4cdde071e71b144a42af05ee111cd786
================================================================================

LAW OF SHAPED FORCE | NON-DESTRUCTIVE ABSORPTION PROOF
================================================================================
REPO_PATH      : /data/data/com.termux/files/home/robdoerootauthority
TOTAL_LEAVES   : 3032 Objects (Monotonically Preserved)
DELETIONS      : ZERO (0)
KURAMOTO_R     : 0.835644 [PHASE LOCKED]
SHA512x72_ROOT : 20cfcfeb91c8ac93fe07d1afef057aaa3a84e5ae8a087a5bc1d1ed307b574fad5c2e9593f7a1455eb08d8f2377d8f52b88868c5f9e974b03729296bd2f811520
================================================================================

LAW OF SHAPED FORCE | NON-DESTRUCTIVE ABSORPTION PROOF
================================================================================
REPO_PATH      : /data/data/com.termux/files/home/robdoerootauthority
TOTAL_LEAVES   : 3033 Objects (Monotonically Preserved)
DELETIONS      : ZERO (0)
KURAMOTO_R     : 0.835644 [PHASE LOCKED]
SHA512x72_ROOT : 3e4d8c188a1c4637f04a12db509db792cb0d9be955a69c8fbb6a185f2b98246544123299b6fd6fb93e2db24524606f8f9a0a6afc7a595d2d08d4d7f44ebc5116
================================================================================

LAW OF SHAPED FORCE | NON-DESTRUCTIVE ABSORPTION PROOF
================================================================================
REPO_PATH      : /data/data/com.termux/files/home/robdoerootauthority
TOTAL_LEAVES   : 3034 Objects (Monotonically Preserved)
DELETIONS      : ZERO (0)
KURAMOTO_R     : 0.835644 [PHASE LOCKED]
SHA512x72_ROOT : 36deb7888e2745e5b7c4b8a0feade2863eb09eb99d897886276477370a4beb0e1e920a0b0c618f704be5bff559225e5e263cc157fbdda1a3d30316c4e058e32e
================================================================================

LAW OF SHAPED FORCE | NON-DESTRUCTIVE ABSORPTION PROOF
================================================================================
REPO_PATH      : /data/data/com.termux/files/home/robdoerootauthority
TOTAL_LEAVES   : 3035 Objects (Monotonically Preserved)
DELETIONS      : ZERO (0)
KURAMOTO_R     : 0.835644 [PHASE LOCKED]
SHA512x72_ROOT : 7bbc5463445140e69edfcfb6bc331e923975db6b519d02ad34df32c007aa466d2a73cd238fee00eed1196be1d613e861b410146c2255ff6512f4d48ed85df20d
================================================================================

LAW OF SHAPED FORCE | NON-DESTRUCTIVE ABSORPTION PROOF
================================================================================
REPO_PATH      : /data/data/com.termux/files/home/robdoerootauthority
TOTAL_LEAVES   : 3036 Objects (Monotonically Preserved)
DELETIONS      : ZERO (0)
KURAMOTO_R     : 0.835644 [PHASE LOCKED]
SHA512x72_ROOT : 0745c3b6cc46778f7da047044d0f050a7de2a4e146a01e2586bdeb957ae704f1faa33fdbae837d2a7bb6646a08555f9e22d75d4907975462b6569081709d5218
================================================================================

LAW OF SHAPED FORCE | NON-DESTRUCTIVE ABSORPTION PROOF
================================================================================
REPO_PATH      : /data/data/com.termux/files/home/robdoerootauthority
TOTAL_LEAVES   : 3037 Objects (Monotonically Preserved)
DELETIONS      : ZERO (0)
KURAMOTO_R     : 0.835644 [PHASE LOCKED]
SHA512x72_ROOT : 54ea712eabb57f91656acd1791fbb7e50b8ce467d9a8338a85a08463a4651df8b00678e30eafb3c0143bed031b70a8b58d382fd72e8ced43a555a14c8db48800
================================================================================

LAW OF SHAPED FORCE | NON-DESTRUCTIVE ABSORPTION PROOF
================================================================================
REPO_PATH      : /data/data/com.termux/files/home/robdoerootauthority
TOTAL_LEAVES   : 3038 Objects (Monotonically Preserved)
DELETIONS      : ZERO (0)
KURAMOTO_R     : 0.835644 [PHASE LOCKED]
SHA512x72_ROOT : 1c1a877f8325ecde50fd9262bec7e8574d67165d3bab09151111978b29f2ed5fb1b4ec9e2c2f1b1e8ab9a22d23000cb0d67e66178029f989911910b994b10570
================================================================================

LAW OF SHAPED FORCE | NON-DESTRUCTIVE ABSORPTION PROOF
================================================================================
REPO_PATH      : /data/data/com.termux/files/home/robdoerootauthority
TOTAL_LEAVES   : 3039 Objects (Monotonically Preserved)
DELETIONS      : ZERO (0)
KURAMOTO_R     : 0.835644 [PHASE LOCKED]
SHA512x72_ROOT : 509e44d3e016fa3289ae4fc3e25c37fe8c3413340259bca86b9ea9e4f6c892fe3fc853e2e0253ba400cfc8df22b745249e6cc41f5fcbe720e13219b260293abc
================================================================================

LAW OF SHAPED FORCE | NON-DESTRUCTIVE ABSORPTION PROOF
================================================================================
REPO_PATH      : /data/data/com.termux/files/home/robdoerootauthority
TOTAL_LEAVES   : 3040 Objects (Monotonically Preserved)
DELETIONS      : ZERO (0)
KURAMOTO_R     : 0.835644 [PHASE LOCKED]
SHA512x72_ROOT : eaf3b52e2ba8d696bb4db844540ba24dbc6845f34603e755071eea056dc2c52966828746034a347a917293e76299e4a292288253a735c5e7faba6547dd28d772
================================================================================

LAW OF SHAPED FORCE | NON-DESTRUCTIVE ABSORPTION PROOF
================================================================================
REPO_PATH      : /data/data/com.termux/files/home/robdoerootauthority
TOTAL_LEAVES   : 3041 Objects (Monotonically Preserved)
DELETIONS      : ZERO (0)
KURAMOTO_R     : 0.835644 [PHASE LOCKED]
SHA512x72_ROOT : 343eb102521e6f957ab775fdef3cd4377f29e045c38a6c559cbb187cbb3165d3a86808600ba55967daaba0d9cdac4c5a2b57e4e92732ce2df5b3782a82df9051
================================================================================

LAW OF SHAPED FORCE | NON-DESTRUCTIVE ABSORPTION PROOF
================================================================================
REPO_PATH      : /data/data/com.termux/files/home/robdoerootauthority
TOTAL_LEAVES   : 3042 Objects (Monotonically Preserved)
DELETIONS      : ZERO (0)
KURAMOTO_R     : 0.835644 [PHASE LOCKED]
SHA512x72_ROOT : 5bab4aa1b8ee925e70bf172aa90635c28a0438736248bbb4d73e0cd69edf8ea44e7f58a2015852847f9222261ea0c1dfd840299a0bdd9b32cc8eff22c477f66f
================================================================================

LAW OF SHAPED FORCE | NON-DESTRUCTIVE ABSORPTION PROOF
================================================================================
REPO_PATH      : /data/data/com.termux/files/home/robdoerootauthority
TOTAL_LEAVES   : 3044 Objects (Monotonically Preserved)
DELETIONS      : ZERO (0)
KURAMOTO_R     : 0.835644 [PHASE LOCKED]
SHA512x72_ROOT : c57975f87c019de5b898ab3af540fe2c2d058320cf8df8436729fcc4341a1b0fddce4fb3263d3340fb2019461debce16801e21af61e7e0c291b26f61d0694ec8
================================================================================

LAW OF SHAPED FORCE | NON-DESTRUCTIVE ABSORPTION PROOF
================================================================================
REPO_PATH      : /data/data/com.termux/files/home/robdoerootauthority
TOTAL_LEAVES   : 3045 Objects (Monotonically Preserved)
DELETIONS      : ZERO (0)
KURAMOTO_R     : 0.835644 [PHASE LOCKED]
SHA512x72_ROOT : cd9f00d8a3a52ff5c0e9c59599ad7b99a07f354f7d2db7559f5cab2fa53fd6f203a59f3a771c0f8796e6c5586cdead228f86228b75eb0225561c7025e24e596f
================================================================================

LAW OF SHAPED FORCE | NON-DESTRUCTIVE ABSORPTION PROOF
================================================================================
REPO_PATH      : /data/data/com.termux/files/home/robdoerootauthority
TOTAL_LEAVES   : 3047 Objects (Monotonically Preserved)
DELETIONS      : ZERO (0)
KURAMOTO_R     : 0.835644 [PHASE LOCKED]
SHA512x72_ROOT : da3898f11b373b3260d36eab8ac54cca245859556c1ca56d096c03c84293828c577faa82c609ebfda03c1d2bed942502658b2c0856f03536365925127669bf23
================================================================================

LAW OF SHAPED FORCE | NON-DESTRUCTIVE ABSORPTION PROOF
================================================================================
REPO_PATH      : /data/data/com.termux/files/home/robdoerootauthority
TOTAL_LEAVES   : 3049 Objects (Monotonically Preserved)
DELETIONS      : ZERO (0)
KURAMOTO_R     : 0.835644 [PHASE LOCKED]
SHA512x72_ROOT : 4d8783c66afcd1b1d870294add45901e2fe7bfd6f020604811c61112df26d78b1a8a54060e0cc85890ff5150f914504b5818b3387a2db7406529a8d1001d62b0
================================================================================

LAW OF SHAPED FORCE | NON-DESTRUCTIVE ABSORPTION PROOF
================================================================================
REPO_PATH      : /data/data/com.termux/files/home/robdoerootauthority
TOTAL_LEAVES   : 3050 Objects (Monotonically Preserved)
DELETIONS      : ZERO (0)
KURAMOTO_R     : 0.835644 [PHASE LOCKED]
SHA512x72_ROOT : 4a4eb36cd6223cabb765dc7a6eb92bd2c9edda6d2190515624323d68b632129bec9dc3c8d56aead9ba46d18b162d2b4fbbc3b6b9ebcfa752df0d01118bc71081
================================================================================

LAW OF SHAPED FORCE | NON-DESTRUCTIVE ABSORPTION PROOF
================================================================================
REPO_PATH      : /data/data/com.termux/files/home/robdoerootauthority
TOTAL_LEAVES   : 3052 Objects (Monotonically Preserved)
DELETIONS      : ZERO (0)
KURAMOTO_R     : 0.835644 [PHASE LOCKED]
SHA512x72_ROOT : 4be81be0d539efcfac4843ce9e9a0207dd4b16084d38e6d3d3fa24ffe6097868074d046b1c8b94bf7d808f0033a57489ff12e00b529c91c97602decb46e9e897
================================================================================

LAW OF SHAPED FORCE | NON-DESTRUCTIVE ABSORPTION PROOF
================================================================================
REPO_PATH      : /data/data/com.termux/files/home/robdoerootauthority
TOTAL_LEAVES   : 3054 Objects (Monotonically Preserved)
DELETIONS      : ZERO (0)
KURAMOTO_R     : 0.835644 [PHASE LOCKED]
SHA512x72_ROOT : 97ce9fd108b2d900527f45a3cb29d61e81da97a175c384ca40d72003190eb1a1f1c6c2ad815b7f21cae70f0eed274c721a525193c37a45007d093a770ac60180
================================================================================

LAW OF SHAPED FORCE | NON-DESTRUCTIVE ABSORPTION PROOF
================================================================================
REPO_PATH      : /data/data/com.termux/files/home/robdoerootauthority
TOTAL_LEAVES   : 3055 Objects (Monotonically Preserved)
DELETIONS      : ZERO (0)
KURAMOTO_R     : 0.835644 [PHASE LOCKED]
SHA512x72_ROOT : f4ec065cf772b917ca319b53a6a09187c8bf5f52411d063532182365bafcfca86ceaa4795bf3b0707fd2dc83fdabede6921833c33d7937b65f4043f308b8776f
================================================================================

LAW OF SHAPED FORCE | NON-DESTRUCTIVE ABSORPTION PROOF
================================================================================
REPO_PATH      : /data/data/com.termux/files/home/robdoerootauthority
TOTAL_LEAVES   : 3057 Objects (Monotonically Preserved)
DELETIONS      : ZERO (0)
KURAMOTO_R     : 0.835644 [PHASE LOCKED]
SHA512x72_ROOT : 851e7c9eccd5aba854174d4f55893264bda5a9cfd9f1721c3a2a1f4ae300ac032f41424fabcc3c4ae0e12e9f4dce4135cc8bbd9291e7fc3ecc32611ea3cc92f9
================================================================================

LAW OF SHAPED FORCE | NON-DESTRUCTIVE ABSORPTION PROOF
================================================================================
REPO_PATH      : /data/data/com.termux/files/home/robdoerootauthority
TOTAL_LEAVES   : 3058 Objects (Monotonically Preserved)
DELETIONS      : ZERO (0)
KURAMOTO_R     : 0.835644 [PHASE LOCKED]
SHA512x72_ROOT : 8b0701fe80b5d3f0a8c0d2001d7ab68a04a00a926b7e26c3ed1fa141b94b20cdfe2cae0e8fdf050cedc88542b2c1d18671f9ff994847a8a9dc9e15e723d20fa8
================================================================================

LAW OF SHAPED FORCE | NON-DESTRUCTIVE ABSORPTION PROOF
================================================================================
REPO_PATH      : /data/data/com.termux/files/home/robdoerootauthority
TOTAL_LEAVES   : 3059 Objects (Monotonically Preserved)
DELETIONS      : ZERO (0)
KURAMOTO_R     : 0.835644 [PHASE LOCKED]
SHA512x72_ROOT : 15864efd52502d3808d2847e7e15b9269001fca4df805fc1e0e1e4eeae4ca4920c803d08b27dc5ece8131b4b7f13774b999e31672891f0469b1094f7462050b9
================================================================================

LAW OF SHAPED FORCE | NON-DESTRUCTIVE ABSORPTION PROOF
================================================================================
REPO_PATH      : /data/data/com.termux/files/home/robdoerootauthority
TOTAL_LEAVES   : 3060 Objects (Monotonically Preserved)
DELETIONS      : ZERO (0)
KURAMOTO_R     : 0.835644 [PHASE LOCKED]
SHA512x72_ROOT : 17d03167bfd04e955793596e0ff60935951dd96f2218f41c2455f6665c9b4e7f3c463184a3c5d25cd1c39037306570cfbd64625206892632b70117ed7ce98f16
================================================================================

LAW OF SHAPED FORCE | NON-DESTRUCTIVE ABSORPTION PROOF
================================================================================
REPO_PATH      : /data/data/com.termux/files/home/robdoerootauthority
TOTAL_LEAVES   : 3061 Objects (Monotonically Preserved)
DELETIONS      : ZERO (0)
KURAMOTO_R     : 0.835644 [PHASE LOCKED]
SHA512x72_ROOT : 73c19468c6f8a840ef7e42e4e16778870b3be49c606013c3a40aa46de087249e11c98df944d0d2d6807b345e0125b7835b69fdb02497c19a5f4fc09b5962d5fc
================================================================================

LAW OF SHAPED FORCE | NON-DESTRUCTIVE ABSORPTION PROOF
================================================================================
REPO_PATH      : /data/data/com.termux/files/home/robdoerootauthority
TOTAL_LEAVES   : 3062 Objects (Monotonically Preserved)
DELETIONS      : ZERO (0)
KURAMOTO_R     : 0.835644 [PHASE LOCKED]
SHA512x72_ROOT : 209c483b30c771f14bd1fb2d5af763e820d260269fe18dd4439153d258039eba3bce9b1a70affad75f1126d68947c81125f58f70da053dc00372c4aa258fdd74
================================================================================

LAW OF SHAPED FORCE | NON-DESTRUCTIVE ABSORPTION PROOF
================================================================================
REPO_PATH      : /data/data/com.termux/files/home/robdoerootauthority
TOTAL_LEAVES   : 3063 Objects (Monotonically Preserved)
DELETIONS      : ZERO (0)
KURAMOTO_R     : 0.835644 [PHASE LOCKED]
SHA512x72_ROOT : 8e232f0f8151cb8c2b2b5f9125f6b6ba3b7d7ba43f85c0de93ad6c3ef5cb7eb9c5bc3aff8a13f8804c60e72a8c7367b1045b5499a4efdfdce831241ed5fb56cb
================================================================================

LAW OF SHAPED FORCE | NON-DESTRUCTIVE ABSORPTION PROOF
================================================================================
REPO_PATH      : /data/data/com.termux/files/home/robdoerootauthority
TOTAL_LEAVES   : 3064 Objects (Monotonically Preserved)
DELETIONS      : ZERO (0)
KURAMOTO_R     : 0.835644 [PHASE LOCKED]
SHA512x72_ROOT : 06376788916761e13f566cf684094914c2ad56fe752be3d3565d87110868b5c0b80948f2f663aa68b63dbce483e29aa4a10b77cb2a2c6acab238699a1925c124
================================================================================

LAW OF SHAPED FORCE | NON-DESTRUCTIVE ABSORPTION PROOF
================================================================================
REPO_PATH      : /data/data/com.termux/files/home/robdoerootauthority
TOTAL_LEAVES   : 3065 Objects (Monotonically Preserved)
DELETIONS      : ZERO (0)
KURAMOTO_R     : 0.835644 [PHASE LOCKED]
SHA512x72_ROOT : 7c8fd6fb690adac12c2af6cc49d2106938f564aba01969b31cca0d9c2948a9e88117b329b4b4541f8b4b3ff00d9c53921a2eb440adbb6446b6e3e8d940c245d1
================================================================================

LAW OF SHAPED FORCE | NON-DESTRUCTIVE ABSORPTION PROOF
================================================================================
REPO_PATH      : /data/data/com.termux/files/home/robdoerootauthority
TOTAL_LEAVES   : 3066 Objects (Monotonically Preserved)
DELETIONS      : ZERO (0)
KURAMOTO_R     : 0.835644 [PHASE LOCKED]
SHA512x72_ROOT : 618263de7f4a191f310fd1366d077ba9e1b1a1866a19d83d24f8449f00dd60745dd048be243488f499cf12057a94ed685959ef263595592762dcf7a87329d5ce
================================================================================

LAW OF SHAPED FORCE | NON-DESTRUCTIVE ABSORPTION PROOF
================================================================================
REPO_PATH      : /data/data/com.termux/files/home/robdoerootauthority
TOTAL_LEAVES   : 3067 Objects (Monotonically Preserved)
DELETIONS      : ZERO (0)
KURAMOTO_R     : 0.835644 [PHASE LOCKED]
SHA512x72_ROOT : fe11537caf2828f4282126d3761d42b6d5ee9b4aacf6368f0cc4fb599fa448bb04b4fb9b46d1f22b0d366f976b26893e30ad75b388c4f33952be8c904fedc72b
================================================================================

LAW OF SHAPED FORCE | NON-DESTRUCTIVE ABSORPTION PROOF
================================================================================
REPO_PATH      : /data/data/com.termux/files/home/robdoerootauthority
TOTAL_LEAVES   : 3068 Objects (Monotonically Preserved)
DELETIONS      : ZERO (0)
KURAMOTO_R     : 0.835644 [PHASE LOCKED]
SHA512x72_ROOT : 0f46d8b1c09dfa0e812391f1653388c2ab33b4fef503590cea859b298d8426f34dc0a30b035b2496d1ca701a45b83b821f32ccca01170440b6d8f1459b17c661
================================================================================

LAW OF SHAPED FORCE | NON-DESTRUCTIVE ABSORPTION PROOF
================================================================================
REPO_PATH      : /data/data/com.termux/files/home/robdoerootauthority
TOTAL_LEAVES   : 3069 Objects (Monotonically Preserved)
DELETIONS      : ZERO (0)
KURAMOTO_R     : 0.835644 [PHASE LOCKED]
SHA512x72_ROOT : 0679e0af684680f56680ab9fa6d56b54cca909441c93fdd5813e6d7031db1fe8a6d346b8cf9d86f123ef3c77d343a24e58da7450928326701f766e2f23b3f7fe
================================================================================

LAW OF SHAPED FORCE | NON-DESTRUCTIVE ABSORPTION PROOF
================================================================================
REPO_PATH      : /data/data/com.termux/files/home/robdoerootauthority
TOTAL_LEAVES   : 3070 Objects (Monotonically Preserved)
DELETIONS      : ZERO (0)
KURAMOTO_R     : 0.835644 [PHASE LOCKED]
SHA512x72_ROOT : a721187418e7d13464c54d0120bf49e736965aebc66655b2ecdfd55ddb81bf1c80b6cd80f8752b569c9fc6df3e17917f7ba93ff26820cec5df79f439f92ca30e
================================================================================

LAW OF SHAPED FORCE | NON-DESTRUCTIVE ABSORPTION PROOF
================================================================================
REPO_PATH      : /data/data/com.termux/files/home/robdoerootauthority
TOTAL_LEAVES   : 3071 Objects (Monotonically Preserved)
DELETIONS      : ZERO (0)
KURAMOTO_R     : 0.835644 [PHASE LOCKED]
SHA512x72_ROOT : 4e9fbd70da9dd42a9dc7e357b9e6179dc449bc2a009d58fa3233acce686cd6eabf37493d713368a961e27c56ffe55a59d9b829ab1b38eee11774fca26a1116db
================================================================================

LAW OF SHAPED FORCE | NON-DESTRUCTIVE ABSORPTION PROOF
================================================================================
REPO_PATH      : /data/data/com.termux/files/home/robdoerootauthority
TOTAL_LEAVES   : 3072 Objects (Monotonically Preserved)
DELETIONS      : ZERO (0)
KURAMOTO_R     : 0.835644 [PHASE LOCKED]
SHA512x72_ROOT : efb66a411523251ca50e592f605ba6bd46194ace00d10d2a01d306b1194f57c2a82092a19b7cd04f57d4da432c2b450eddd6187a09d750b6d8a8a23bacc11ae5
================================================================================

LAW OF SHAPED FORCE | NON-DESTRUCTIVE ABSORPTION PROOF
================================================================================
REPO_PATH      : /data/data/com.termux/files/home/robdoerootauthority
TOTAL_LEAVES   : 3073 Objects (Monotonically Preserved)
DELETIONS      : ZERO (0)
KURAMOTO_R     : 0.835644 [PHASE LOCKED]
SHA512x72_ROOT : 1f8ca5ffba3d7767c463fd1ca92cd54faeee380efab3943c67fb8e47b60e26d7ec828f2c3472874909d38e2904968a17971a71710482cdff866aec53876bd3b0
================================================================================

LAW OF SHAPED FORCE | NON-DESTRUCTIVE ABSORPTION PROOF
================================================================================
REPO_PATH      : /data/data/com.termux/files/home/robdoerootauthority
TOTAL_LEAVES   : 3074 Objects (Monotonically Preserved)
DELETIONS      : ZERO (0)
KURAMOTO_R     : 0.835644 [PHASE LOCKED]
SHA512x72_ROOT : 188288fdb5eeedf872f277a0892ff5b9f4528b725bdb094f291680c6e8c37be6673049fe7d9d174beef45639076a65cff547ff36aa5a9f0e50242bc7450334e1
================================================================================

LAW OF SHAPED FORCE | NON-DESTRUCTIVE ABSORPTION PROOF
================================================================================
REPO_PATH      : /data/data/com.termux/files/home/robdoerootauthority
TOTAL_LEAVES   : 3075 Objects (Monotonically Preserved)
DELETIONS      : ZERO (0)
KURAMOTO_R     : 0.835644 [PHASE LOCKED]
SHA512x72_ROOT : 4309b578ea1e3f245d539aaf40d22810c35d4ae4480214a8b0d7bb5f8de529f5bf2fac49a6d353ae61038eaf8c9cea407567d2f88f6845a2341bba496f87dfca
================================================================================

LAW OF SHAPED FORCE | NON-DESTRUCTIVE ABSORPTION PROOF
================================================================================
REPO_PATH      : /data/data/com.termux/files/home/robdoerootauthority
TOTAL_LEAVES   : 3076 Objects (Monotonically Preserved)
DELETIONS      : ZERO (0)
KURAMOTO_R     : 0.835644 [PHASE LOCKED]
SHA512x72_ROOT : d1ae2fa270f895aa84642a1c41cde0bb272a293a3b6f561d1ce5b8b81250101df6375e73ff31d4133d38b25592667b23daa6e0cd8fa56483fe82341c796c384d
================================================================================

LAW OF SHAPED FORCE | NON-DESTRUCTIVE ABSORPTION PROOF
================================================================================
REPO_PATH      : /data/data/com.termux/files/home/robdoerootauthority
TOTAL_LEAVES   : 3077 Objects (Monotonically Preserved)
DELETIONS      : ZERO (0)
KURAMOTO_R     : 0.835644 [PHASE LOCKED]
SHA512x72_ROOT : 1efd2373471f282cf9e0b4dbd2bd8ee7e5df7a6eb44b37d5c8e85441e16f75faa08820e4a69150b27109cc3fa9e3010bcd802c5e368096ac3076f2da5ff0f792
================================================================================

LAW OF SHAPED FORCE | NON-DESTRUCTIVE ABSORPTION PROOF
================================================================================
REPO_PATH      : /data/data/com.termux/files/home/robdoerootauthority
TOTAL_LEAVES   : 3078 Objects (Monotonically Preserved)
DELETIONS      : ZERO (0)
KURAMOTO_R     : 0.835644 [PHASE LOCKED]
SHA512x72_ROOT : 27f3c46bdcf23dee99d983291e9f52629e6d22ea99e5eaed3ed93ffc0b173539ecf834b9f71c779411f2cb4de66be88c5ceb227078fb4c791414c0b480915ba0
================================================================================

LAW OF SHAPED FORCE | NON-DESTRUCTIVE ABSORPTION PROOF
================================================================================
REPO_PATH      : /data/data/com.termux/files/home/robdoerootauthority
TOTAL_LEAVES   : 3079 Objects (Monotonically Preserved)
DELETIONS      : ZERO (0)
KURAMOTO_R     : 0.835644 [PHASE LOCKED]
SHA512x72_ROOT : 0c3fb979458424c7c51342da3983430f16250db940d9240e4330d28d811857a3d51776804918efde8f1fb414ffc50339a13775c4e83c4026e4a0f736d7b5a33b
================================================================================

LAW OF SHAPED FORCE | NON-DESTRUCTIVE ABSORPTION PROOF
================================================================================
REPO_PATH      : /data/data/com.termux/files/home/robdoerootauthority
TOTAL_LEAVES   : 3080 Objects (Monotonically Preserved)
DELETIONS      : ZERO (0)
KURAMOTO_R     : 0.835644 [PHASE LOCKED]
SHA512x72_ROOT : be4f9dcff19e46bb269a36ea029b5f1cb460be0131bb715e8f5e306bf38a350914e7721d6003a295aeb42d84be9e973d07c00673b75625a9a7a2fc46888a7e5a
================================================================================

LAW OF SHAPED FORCE | NON-DESTRUCTIVE ABSORPTION PROOF
================================================================================
REPO_PATH      : /data/data/com.termux/files/home/robdoerootauthority
TOTAL_LEAVES   : 3081 Objects (Monotonically Preserved)
DELETIONS      : ZERO (0)
KURAMOTO_R     : 0.835644 [PHASE LOCKED]
SHA512x72_ROOT : 73de3e2e48c09372fe8564614d07efb28da67d3f84f3c5d3b84371c82f14048e03f4013289972c996aae7a298f26d2e20f3ea6b577a64e82bc421f5be3b761e2
================================================================================

LAW OF SHAPED FORCE | NON-DESTRUCTIVE ABSORPTION PROOF
================================================================================
REPO_PATH      : /data/data/com.termux/files/home/robdoerootauthority
TOTAL_LEAVES   : 3082 Objects (Monotonically Preserved)
DELETIONS      : ZERO (0)
KURAMOTO_R     : 0.835644 [PHASE LOCKED]
SHA512x72_ROOT : 88a7c89fddcf427c0d2a555eba920c28d0b0326ae44c25e53b767e9bd01fdc0a204ced6469db3739345af2a3fbc3ff1aaed99e8c06dac01d05216eeaf9f485d8
================================================================================

LAW OF SHAPED FORCE | NON-DESTRUCTIVE ABSORPTION PROOF
================================================================================
REPO_PATH      : /data/data/com.termux/files/home/robdoerootauthority
TOTAL_LEAVES   : 3083 Objects (Monotonically Preserved)
DELETIONS      : ZERO (0)
KURAMOTO_R     : 0.835644 [PHASE LOCKED]
SHA512x72_ROOT : 002db43518f818be95534b736e00c34a3e65c5b939139188776261b54fac683d1b5bdb785c1c33a9ac7d3414b39f73b9c07d1748cc541168b48d18a69ef6012e
================================================================================

LAW OF SHAPED FORCE | NON-DESTRUCTIVE ABSORPTION PROOF
================================================================================
REPO_PATH      : /data/data/com.termux/files/home/robdoerootauthority
TOTAL_LEAVES   : 3084 Objects (Monotonically Preserved)
DELETIONS      : ZERO (0)
KURAMOTO_R     : 0.835644 [PHASE LOCKED]
SHA512x72_ROOT : 97a28f652c685aab28c000ada4d49d48f4e9aeca02c9ed6c6efe8747f253a1d4976b3a2df367680a4291cec1c7d080d6a5a15405f2b17893998df52bf5ebd28a
================================================================================

LAW OF SHAPED FORCE | NON-DESTRUCTIVE ABSORPTION PROOF
================================================================================
REPO_PATH      : /data/data/com.termux/files/home/robdoerootauthority
TOTAL_LEAVES   : 3085 Objects (Monotonically Preserved)
DELETIONS      : ZERO (0)
KURAMOTO_R     : 0.835644 [PHASE LOCKED]
SHA512x72_ROOT : cadf269a6d8447a29cc7e0e5dd47dfd2312d76f858846cd8efdae39309012d2fc8200a41ad641e4da69939e7373755baf84e971ccabb1d8bcab5c34a701c1ea9
================================================================================

LAW OF SHAPED FORCE | NON-DESTRUCTIVE ABSORPTION PROOF
================================================================================
REPO_PATH      : /data/data/com.termux/files/home/robdoerootauthority
TOTAL_LEAVES   : 3086 Objects (Monotonically Preserved)
DELETIONS      : ZERO (0)
KURAMOTO_R     : 0.835644 [PHASE LOCKED]
SHA512x72_ROOT : 7f44b9587830132742601ea442f62f9f2ee600405fb498a488ddccd6742828337c560d792ae3508e85de8ebb4c6b2f055dbee8c876527f2d27583d64e8d25e02
================================================================================

LAW OF SHAPED FORCE | NON-DESTRUCTIVE ABSORPTION PROOF
================================================================================
REPO_PATH      : /data/data/com.termux/files/home/robdoerootauthority
TOTAL_LEAVES   : 3087 Objects (Monotonically Preserved)
DELETIONS      : ZERO (0)
KURAMOTO_R     : 0.835644 [PHASE LOCKED]
SHA512x72_ROOT : 3a7a71ca3dda994781a783e0f84e7a76dab8be037ecfb58c1b60273b15a513ec7e1ab740251a57b7c43718617305e19833b74135262b498254ed198b2d5154a1
================================================================================

LAW OF SHAPED FORCE | NON-DESTRUCTIVE ABSORPTION PROOF
================================================================================
REPO_PATH      : /data/data/com.termux/files/home/robdoerootauthority
TOTAL_LEAVES   : 3088 Objects (Monotonically Preserved)
DELETIONS      : ZERO (0)
KURAMOTO_R     : 0.835644 [PHASE LOCKED]
SHA512x72_ROOT : 36943a683a2d8b15b1641b5ec55d54f879132011400e7d61d4aba5b04bbf2bc1c3145784a81aa4a8ad2cdc32f70ebbf4e8097a4256097a5cd9dbe866d9204796
================================================================================

LAW OF SHAPED FORCE | NON-DESTRUCTIVE ABSORPTION PROOF
================================================================================
REPO_PATH      : /data/data/com.termux/files/home/robdoerootauthority
TOTAL_LEAVES   : 3089 Objects (Monotonically Preserved)
DELETIONS      : ZERO (0)
KURAMOTO_R     : 0.835644 [PHASE LOCKED]
SHA512x72_ROOT : e96bd2df3eb19d57766527dedd91bc1df3cafaf188782f81cab9b99dc9a227ee6879a8de9118fd6e4522fc3865267746e5b4fa7fdab830667ce7494fbedd2744
================================================================================

LAW OF SHAPED FORCE | NON-DESTRUCTIVE ABSORPTION PROOF
================================================================================
REPO_PATH      : /data/data/com.termux/files/home/robdoerootauthority
TOTAL_LEAVES   : 3090 Objects (Monotonically Preserved)
DELETIONS      : ZERO (0)
KURAMOTO_R     : 0.835644 [PHASE LOCKED]
SHA512x72_ROOT : 8b6d49c50bd4ee2078af043a743ba2a3b97f8c1d3c288e294a2f0cb4335b107540acccb5202d002d98530975405c0accb043f2da568a273daccb519cfe646044
================================================================================

LAW OF SHAPED FORCE | NON-DESTRUCTIVE ABSORPTION PROOF
================================================================================
REPO_PATH      : /data/data/com.termux/files/home/robdoerootauthority
TOTAL_LEAVES   : 3091 Objects (Monotonically Preserved)
DELETIONS      : ZERO (0)
KURAMOTO_R     : 0.835644 [PHASE LOCKED]
SHA512x72_ROOT : 2d5764d1b948abbd3554507719955c3a59f2ca4efa45d7ecbb4a72cc9c226337a382a12750d1cef07f5f361d55689c972806a2bb4ba9cd5d6ea436eaa7e6a0dc
================================================================================

LAW OF SHAPED FORCE | NON-DESTRUCTIVE ABSORPTION PROOF
================================================================================
REPO_PATH      : /data/data/com.termux/files/home/robdoerootauthority
TOTAL_LEAVES   : 3092 Objects (Monotonically Preserved)
DELETIONS      : ZERO (0)
KURAMOTO_R     : 0.835644 [PHASE LOCKED]
SHA512x72_ROOT : f6669ad3eab3c3c6d22ffc556a68c7b8b75cd15f99ba7b49dda25c8be05b9a573551f85e5f88e63c4902542936e8ef9873d702fa5abe085abd9cddda94db6295
================================================================================

LAW OF SHAPED FORCE | NON-DESTRUCTIVE ABSORPTION PROOF
================================================================================
REPO_PATH      : /data/data/com.termux/files/home/robdoerootauthority
TOTAL_LEAVES   : 3093 Objects (Monotonically Preserved)
DELETIONS      : ZERO (0)
KURAMOTO_R     : 0.835644 [PHASE LOCKED]
SHA512x72_ROOT : 5518736bd23d364ebdd34f7fa531b5fa9d33ded587254368cf287c71f12adc6bff851fe9e719af2c89ecd4ef115e6e6882ffa07ffb4e357a767eb3cb189b27ce
================================================================================

LAW OF SHAPED FORCE | NON-DESTRUCTIVE ABSORPTION PROOF
================================================================================
REPO_PATH      : /data/data/com.termux/files/home/robdoerootauthority
TOTAL_LEAVES   : 3094 Objects (Monotonically Preserved)
DELETIONS      : ZERO (0)
KURAMOTO_R     : 0.835644 [PHASE LOCKED]
SHA512x72_ROOT : b133fceadc7b11e980ad35afdb92204b150a703d535e7f4a77c975018664d29886496e0b74800d4d950f2aa0144881fcea4d51e0ee6bd8bec5b617992019d6f2
================================================================================

LAW OF SHAPED FORCE | NON-DESTRUCTIVE ABSORPTION PROOF
================================================================================
REPO_PATH      : /data/data/com.termux/files/home/robdoerootauthority
TOTAL_LEAVES   : 3095 Objects (Monotonically Preserved)
DELETIONS      : ZERO (0)
KURAMOTO_R     : 0.835644 [PHASE LOCKED]
SHA512x72_ROOT : e2841cdbda4f123fedac559d524a7e9683e3e6075c5e16450a76d0f537ed4536d7700b074535761d1b6a392bf26a761bba857e4d1b1c5cb9369e32d06ee8a15f
================================================================================

LAW OF SHAPED FORCE | NON-DESTRUCTIVE ABSORPTION PROOF
================================================================================
REPO_PATH      : /data/data/com.termux/files/home/robdoerootauthority
TOTAL_LEAVES   : 3096 Objects (Monotonically Preserved)
DELETIONS      : ZERO (0)
KURAMOTO_R     : 0.835644 [PHASE LOCKED]
SHA512x72_ROOT : a23771992f438cb7ec18a4826af9ec2ff6120af04f7f3265bd487aa56acff1fcb74fbbacbd3122746c7f758b816427abd20e1c3f12ccd0ba2dfd40346ef58e4b
================================================================================

LAW OF SHAPED FORCE | NON-DESTRUCTIVE ABSORPTION PROOF
================================================================================
REPO_PATH      : /data/data/com.termux/files/home/robdoerootauthority
TOTAL_LEAVES   : 3097 Objects (Monotonically Preserved)
DELETIONS      : ZERO (0)
KURAMOTO_R     : 0.835644 [PHASE LOCKED]
SHA512x72_ROOT : b5f9e773eb53e1956cea828b7091afc618eea9531aba8c0843973f3fe5a05dfa9d145ed43d9cdc43c118260da6e936035d27d61fd6f346dc05cf3b8e9985935c
================================================================================

LAW OF SHAPED FORCE | NON-DESTRUCTIVE ABSORPTION PROOF
================================================================================
REPO_PATH      : /data/data/com.termux/files/home/robdoerootauthority
TOTAL_LEAVES   : 3098 Objects (Monotonically Preserved)
DELETIONS      : ZERO (0)
KURAMOTO_R     : 0.835644 [PHASE LOCKED]
SHA512x72_ROOT : 0b2310763dc78cee7f478cc485ca2fdacc67dd212d9e20211af3d2da4eb050e414e9fcb588dd99d71db0e1037eaa312376ea1473a044c2f0d6b14464b6d80cbd
================================================================================

LAW OF SHAPED FORCE | NON-DESTRUCTIVE ABSORPTION PROOF
================================================================================
REPO_PATH      : /data/data/com.termux/files/home/robdoerootauthority
TOTAL_LEAVES   : 3099 Objects (Monotonically Preserved)
DELETIONS      : ZERO (0)
KURAMOTO_R     : 0.835644 [PHASE LOCKED]
SHA512x72_ROOT : 4cd6b15d08880f7a469382979e10cbb985bed4f75f59961cf212a2a7bd2dbe3ed330733b5c24c77dbd8528eb92186209f140a759933978485338b9615711aa98
================================================================================

LAW OF SHAPED FORCE | NON-DESTRUCTIVE ABSORPTION PROOF
================================================================================
REPO_PATH      : /data/data/com.termux/files/home/robdoerootauthority
TOTAL_LEAVES   : 3100 Objects (Monotonically Preserved)
DELETIONS      : ZERO (0)
KURAMOTO_R     : 0.835644 [PHASE LOCKED]
SHA512x72_ROOT : 53f87251e19b8a7306091906c2768f53058c075251a516397ac5659ded0bd3ee138adab4bf48c93af68246f7d0fda02cd56cc39a08af02f8ecc1af8cd026bf56
================================================================================

LAW OF SHAPED FORCE | NON-DESTRUCTIVE ABSORPTION PROOF
================================================================================
REPO_PATH      : /data/data/com.termux/files/home/robdoerootauthority
TOTAL_LEAVES   : 3101 Objects (Monotonically Preserved)
DELETIONS      : ZERO (0)
KURAMOTO_R     : 0.835644 [PHASE LOCKED]
SHA512x72_ROOT : 92d84502383e1be26d5fad0bf0428ad009afa2e49876590f25edabc84db85c5fb6e1bc7e6b3eb10ed2570eb8d878fe26f8738dc70a6cc0f91c164a2a31dff1ce
================================================================================

LAW OF SHAPED FORCE | NON-DESTRUCTIVE ABSORPTION PROOF
================================================================================
REPO_PATH      : /data/data/com.termux/files/home/robdoerootauthority
TOTAL_LEAVES   : 3102 Objects (Monotonically Preserved)
DELETIONS      : ZERO (0)
KURAMOTO_R     : 0.835644 [PHASE LOCKED]
SHA512x72_ROOT : b80f23a2b30ed23e7a2c2a227bfdbba3a41fc22f3288c45bbe065e0f10ebeb455c5279e9a9e413f05b393f72b6e76fede4373192f1b3a262a4842e18077647c2
================================================================================

LAW OF SHAPED FORCE | NON-DESTRUCTIVE ABSORPTION PROOF
================================================================================
REPO_PATH      : /data/data/com.termux/files/home/robdoerootauthority
TOTAL_LEAVES   : 3103 Objects (Monotonically Preserved)
DELETIONS      : ZERO (0)
KURAMOTO_R     : 0.835644 [PHASE LOCKED]
SHA512x72_ROOT : 03071bb3ca87d72fc5e46332473eb9b2a584682592dc4ff1d495beeb8edc996f35e1486dd281670a4a886b8d5349f075cf7cf3e37b618ea6c1cf66d99a64a804
================================================================================

LAW OF SHAPED FORCE | NON-DESTRUCTIVE ABSORPTION PROOF
================================================================================
REPO_PATH      : /data/data/com.termux/files/home/robdoerootauthority
TOTAL_LEAVES   : 3104 Objects (Monotonically Preserved)
DELETIONS      : ZERO (0)
KURAMOTO_R     : 0.835644 [PHASE LOCKED]
SHA512x72_ROOT : 7d71f25f802312e1fac0be6a189551be17e1c50cedb7f8ca8f4e325b563cfcad16f8163d7594383ae478fdbff8bf106818f377ec4d2e461ffdc9a6997b43d6d0
================================================================================

LAW OF SHAPED FORCE | NON-DESTRUCTIVE ABSORPTION PROOF
================================================================================
REPO_PATH      : /data/data/com.termux/files/home/robdoerootauthority
TOTAL_LEAVES   : 3105 Objects (Monotonically Preserved)
DELETIONS      : ZERO (0)
KURAMOTO_R     : 0.835644 [PHASE LOCKED]
SHA512x72_ROOT : b1358d3885fb201440513bb68f39dce891f3e134246d3075130e8e4fdffc58342550f8d848f221e804842258c80bf4984e668f787f46cc4ae95d05e393300d35
================================================================================

LAW OF SHAPED FORCE | NON-DESTRUCTIVE ABSORPTION PROOF
================================================================================
REPO_PATH      : /data/data/com.termux/files/home/robdoerootauthority
TOTAL_LEAVES   : 3106 Objects (Monotonically Preserved)
DELETIONS      : ZERO (0)
KURAMOTO_R     : 0.835644 [PHASE LOCKED]
SHA512x72_ROOT : e7d1c07b9c3b32a3e3cf4bb84a706d25080f0d5976abec78dcc285155be62cf011b0fb6f80dd794c81f7ba3d275fec867036722a2df75603f8470a60d1791ffb
================================================================================

LAW OF SHAPED FORCE | NON-DESTRUCTIVE ABSORPTION PROOF
================================================================================
REPO_PATH      : /data/data/com.termux/files/home/robdoerootauthority
TOTAL_LEAVES   : 3107 Objects (Monotonically Preserved)
DELETIONS      : ZERO (0)
KURAMOTO_R     : 0.835644 [PHASE LOCKED]
SHA512x72_ROOT : bedcafa7e96a20163e9cb14522013dfce188a558169057f003748654f991640646114d3c47634ec91bb520d82d4b3a790d2959d3a4bc9440287fe8f07882fead
================================================================================

LAW OF SHAPED FORCE | NON-DESTRUCTIVE ABSORPTION PROOF
================================================================================
REPO_PATH      : /data/data/com.termux/files/home/robdoerootauthority
TOTAL_LEAVES   : 3108 Objects (Monotonically Preserved)
DELETIONS      : ZERO (0)
KURAMOTO_R     : 0.835644 [PHASE LOCKED]
SHA512x72_ROOT : 8d60fac10520c747ce798a9faa6d82be008d1506ad1dbbd5c6bf78979f33760bbfec9a33e830d91d5c89f24d0bb7fe1d04d34e0778ced20ae24fbbded221f694
================================================================================

LAW OF SHAPED FORCE | NON-DESTRUCTIVE ABSORPTION PROOF
================================================================================
REPO_PATH      : /data/data/com.termux/files/home/robdoerootauthority
TOTAL_LEAVES   : 3109 Objects (Monotonically Preserved)
DELETIONS      : ZERO (0)
KURAMOTO_R     : 0.835644 [PHASE LOCKED]
SHA512x72_ROOT : 6e4f49c9bb03fa406d4b16d9f88d20ec2cf28eb6d6c1b40fa609f4550ccc0ec814c117346e679c2168d592b3482e482c12c209d22ef4ce0c04741004b3a0d707
================================================================================

LAW OF SHAPED FORCE | NON-DESTRUCTIVE ABSORPTION PROOF
================================================================================
REPO_PATH      : /data/data/com.termux/files/home/robdoerootauthority
TOTAL_LEAVES   : 3110 Objects (Monotonically Preserved)
DELETIONS      : ZERO (0)
KURAMOTO_R     : 0.835644 [PHASE LOCKED]
SHA512x72_ROOT : a4584810f9f976005ca350a07138d175cdfa429b08af11034dd678266f9497d5911cafb99363e873b00831255ccda94bbba20cd3fc012f7a7beb6fefd0ef74c6
================================================================================

LAW OF SHAPED FORCE | NON-DESTRUCTIVE ABSORPTION PROOF
================================================================================
REPO_PATH      : /data/data/com.termux/files/home/robdoerootauthority
TOTAL_LEAVES   : 3111 Objects (Monotonically Preserved)
DELETIONS      : ZERO (0)
KURAMOTO_R     : 0.835644 [PHASE LOCKED]
SHA512x72_ROOT : 0eaab89b0e5a88108551c533a486550bbe807c757e25012788e9d3eab8a1f65eb50a42aff3ba65e2c05716e9fd678975e8220db5b4b2f5deebbf5956bcd74577
================================================================================

LAW OF SHAPED FORCE | NON-DESTRUCTIVE ABSORPTION PROOF
================================================================================
REPO_PATH      : /data/data/com.termux/files/home/robdoerootauthority
TOTAL_LEAVES   : 3112 Objects (Monotonically Preserved)
DELETIONS      : ZERO (0)
KURAMOTO_R     : 0.835644 [PHASE LOCKED]
SHA512x72_ROOT : 3dd46a3a50c07e943661c991f433c0e8ef652e6a718ca9a855ee21e3375aa3bc22bcdd814ea24723a8b9221de10a3d5138ccf10e9a840cc55c0b6fae73c4c279
================================================================================

LAW OF SHAPED FORCE | NON-DESTRUCTIVE ABSORPTION PROOF
================================================================================
REPO_PATH      : /data/data/com.termux/files/home/robdoerootauthority
TOTAL_LEAVES   : 3112 Objects (Monotonically Preserved)
DELETIONS      : ZERO (0)
KURAMOTO_R     : 0.835644 [PHASE LOCKED]
SHA512x72_ROOT : 3dd46a3a50c07e943661c991f433c0e8ef652e6a718ca9a855ee21e3375aa3bc22bcdd814ea24723a8b9221de10a3d5138ccf10e9a840cc55c0b6fae73c4c279
================================================================================

LAW OF SHAPED FORCE | NON-DESTRUCTIVE ABSORPTION PROOF
================================================================================
REPO_PATH      : /data/data/com.termux/files/home/robdoerootauthority
TOTAL_LEAVES   : 3113 Objects (Monotonically Preserved)
DELETIONS      : ZERO (0)
KURAMOTO_R     : 0.835644 [PHASE LOCKED]
SHA512x72_ROOT : 269b556b737b6b672a09383212c382361d961fae8d3d8f1a8d7ebf5b8d64ee83d0223dcbb198591788748c1e2b2545d0313316b94a6cfe5169d57639dd2eb78a
================================================================================

LAW OF SHAPED FORCE | NON-DESTRUCTIVE ABSORPTION PROOF
================================================================================
REPO_PATH      : /data/data/com.termux/files/home/robdoerootauthority
TOTAL_LEAVES   : 3114 Objects (Monotonically Preserved)
DELETIONS      : ZERO (0)
KURAMOTO_R     : 0.835644 [PHASE LOCKED]
SHA512x72_ROOT : 336dae5128f4559ea4b7129955b65dc49054605040fa9b80374dcaf221996a9fa261ffd2fff6b2e29c7e63cc96faf330a3ab269684d55464c39424dd0c55720d
================================================================================

LAW OF SHAPED FORCE | NON-DESTRUCTIVE ABSORPTION PROOF
================================================================================
REPO_PATH      : /data/data/com.termux/files/home/robdoerootauthority
TOTAL_LEAVES   : 3115 Objects (Monotonically Preserved)
DELETIONS      : ZERO (0)
KURAMOTO_R     : 0.835644 [PHASE LOCKED]
SHA512x72_ROOT : 56c0ddc0a6ecbbf05ed14787d51485f2410a2e3eb429ab9b637728394185473e75a75cdfe72c51285fc60b17bbc9c91c848a88349ec598a6f0c0140214303df0
================================================================================

LAW OF SHAPED FORCE | NON-DESTRUCTIVE ABSORPTION PROOF
================================================================================
REPO_PATH      : /data/data/com.termux/files/home/robdoerootauthority
TOTAL_LEAVES   : 3116 Objects (Monotonically Preserved)
DELETIONS      : ZERO (0)
KURAMOTO_R     : 0.835644 [PHASE LOCKED]
SHA512x72_ROOT : 03415fc703a7963d01ecd61d8441cac21bb21dcdcb34c634c260f610c598c4b2b25845f06c0cc9494316d369aad810692565422a2deb51f3558914c6e2e4e220
================================================================================

LAW OF SHAPED FORCE | NON-DESTRUCTIVE ABSORPTION PROOF
================================================================================
REPO_PATH      : /data/data/com.termux/files/home/robdoerootauthority
TOTAL_LEAVES   : 3117 Objects (Monotonically Preserved)
DELETIONS      : ZERO (0)
KURAMOTO_R     : 0.835644 [PHASE LOCKED]
SHA512x72_ROOT : 198b2263471e3f9761a2931105518735a13368d5431902e59163be1247f77bb25319e67d8bb2e09f8993ffff4f34931ecb05a8c28400074405a5df421910ed18
================================================================================

LAW OF SHAPED FORCE | NON-DESTRUCTIVE ABSORPTION PROOF
================================================================================
REPO_PATH      : /data/data/com.termux/files/home/robdoerootauthority
TOTAL_LEAVES   : 3117 Objects (Monotonically Preserved)
DELETIONS      : ZERO (0)
KURAMOTO_R     : 0.835644 [PHASE LOCKED]
SHA512x72_ROOT : 198b2263471e3f9761a2931105518735a13368d5431902e59163be1247f77bb25319e67d8bb2e09f8993ffff4f34931ecb05a8c28400074405a5df421910ed18
================================================================================

LAW OF SHAPED FORCE | NON-DESTRUCTIVE ABSORPTION PROOF
================================================================================
REPO_PATH      : /data/data/com.termux/files/home/robdoerootauthority
TOTAL_LEAVES   : 3117 Objects (Monotonically Preserved)
DELETIONS      : ZERO (0)
KURAMOTO_R     : 0.835644 [PHASE LOCKED]
SHA512x72_ROOT : 198b2263471e3f9761a2931105518735a13368d5431902e59163be1247f77bb25319e67d8bb2e09f8993ffff4f34931ecb05a8c28400074405a5df421910ed18
================================================================================

LAW OF SHAPED FORCE | NON-DESTRUCTIVE ABSORPTION PROOF
================================================================================
REPO_PATH      : /data/data/com.termux/files/home/robdoerootauthority
TOTAL_LEAVES   : 3118 Objects (Monotonically Preserved)
DELETIONS      : ZERO (0)
KURAMOTO_R     : 0.835644 [PHASE LOCKED]
SHA512x72_ROOT : b02ab5bdab02415789b312f87082f4cd60184906abee7d6607c2187519117fa87c13f612312074dd710ad6aff5a5ab6eb2e12b5a1076cd96ec70153fedc5b56d
================================================================================

LAW OF SHAPED FORCE | NON-DESTRUCTIVE ABSORPTION PROOF
================================================================================
REPO_PATH      : /data/data/com.termux/files/home/robdoerootauthority
TOTAL_LEAVES   : 3119 Objects (Monotonically Preserved)
DELETIONS      : ZERO (0)
KURAMOTO_R     : 0.835644 [PHASE LOCKED]
SHA512x72_ROOT : af10d9004c483d51ae5c65e595ce96ea40e847197e27f37688e3cf3ddb29c414f2586866c3c4c52d8f5bff43d033c68c0f9e4e81305deaa09771d09c928a823b
================================================================================

LAW OF SHAPED FORCE | NON-DESTRUCTIVE ABSORPTION PROOF
================================================================================
REPO_PATH      : /data/data/com.termux/files/home/robdoerootauthority
TOTAL_LEAVES   : 3120 Objects (Monotonically Preserved)
DELETIONS      : ZERO (0)
KURAMOTO_R     : 0.835644 [PHASE LOCKED]
SHA512x72_ROOT : 46bba9cc4e2f09a4e4bf9c721c83d054bfd7b2b8c1faa3fe7f2f6bc971a99f737514f96f97cd5c02b58a59bdd1e0f1a90c10d986b820125fe1c0e555682dfd05
================================================================================

LAW OF SHAPED FORCE | NON-DESTRUCTIVE ABSORPTION PROOF
================================================================================
REPO_PATH      : /data/data/com.termux/files/home/robdoerootauthority
TOTAL_LEAVES   : 3121 Objects (Monotonically Preserved)
DELETIONS      : ZERO (0)
KURAMOTO_R     : 0.835644 [PHASE LOCKED]
SHA512x72_ROOT : 0e5d421b2dcfdf61f6f8a23e6b097bd1ceb0c382300c620ef1b1e1c3277ed57d517ceccc021b97c9a4964474a5b8cbd6c255e3b7b12f630ac6b308b2e251e61d
================================================================================

LAW OF SHAPED FORCE | NON-DESTRUCTIVE ABSORPTION PROOF
================================================================================
REPO_PATH      : /data/data/com.termux/files/home/robdoerootauthority
TOTAL_LEAVES   : 3122 Objects (Monotonically Preserved)
DELETIONS      : ZERO (0)
KURAMOTO_R     : 0.835644 [PHASE LOCKED]
SHA512x72_ROOT : c9a8249848e08ef83bbdb3042a001291bceb505c57c548f439b8e2ed81d556dd5f63310f1de8cea7f2b35d2b021405339c6f2b497fd88b0ed848935ba85b5151
================================================================================

LAW OF SHAPED FORCE | NON-DESTRUCTIVE ABSORPTION PROOF
================================================================================
REPO_PATH      : /data/data/com.termux/files/home/robdoerootauthority
TOTAL_LEAVES   : 3123 Objects (Monotonically Preserved)
DELETIONS      : ZERO (0)
KURAMOTO_R     : 0.835644 [PHASE LOCKED]
SHA512x72_ROOT : baa376f4009b8985efe74498181a76ea6ae5f385ea3b2ded7384ea93b81c447c82ff2ff60ed7241bea7bc4fe5e359c008279c712fa1dc34de3934d4496576d4e
================================================================================

LAW OF SHAPED FORCE | NON-DESTRUCTIVE ABSORPTION PROOF
================================================================================
REPO_PATH      : /data/data/com.termux/files/home/robdoerootauthority
TOTAL_LEAVES   : 3124 Objects (Monotonically Preserved)
DELETIONS      : ZERO (0)
KURAMOTO_R     : 0.835644 [PHASE LOCKED]
SHA512x72_ROOT : fef5fe47a0463b4b1d3573885abe7e3cd4bf0a34fd8ac1807cdaa77f1576afee02cce8dab1cfdd0bc811674f0e6f4fb53d2172d71f91a1d8851971d938e94a2c
================================================================================

LAW OF SHAPED FORCE | NON-DESTRUCTIVE ABSORPTION PROOF
================================================================================
REPO_PATH      : /data/data/com.termux/files/home/robdoerootauthority
TOTAL_LEAVES   : 3125 Objects (Monotonically Preserved)
DELETIONS      : ZERO (0)
KURAMOTO_R     : 0.835644 [PHASE LOCKED]
SHA512x72_ROOT : 7e9025d8e82a5eaa4f75706bfcd82057d53fc4bd8b7c453fb2ae88d929f73ae7fce4295fe32d6961dbcdecf11ae0c01ee4ae2013bd5117a889a7fd39decf695f
================================================================================

LAW OF SHAPED FORCE | NON-DESTRUCTIVE ABSORPTION PROOF
================================================================================
REPO_PATH      : /data/data/com.termux/files/home/robdoerootauthority
TOTAL_LEAVES   : 3126 Objects (Monotonically Preserved)
DELETIONS      : ZERO (0)
KURAMOTO_R     : 0.835644 [PHASE LOCKED]
SHA512x72_ROOT : 5e8a8c08dec881285f02622a8439b1c91d8f09abf651ab721094d6ea6254563804b935748d832bb6334b63be1f6c111d841c91cf5225eb2ff10185765e3c98ab
================================================================================

LAW OF SHAPED FORCE | NON-DESTRUCTIVE ABSORPTION PROOF
================================================================================
REPO_PATH      : /data/data/com.termux/files/home/robdoerootauthority
TOTAL_LEAVES   : 3127 Objects (Monotonically Preserved)
DELETIONS      : ZERO (0)
KURAMOTO_R     : 0.835644 [PHASE LOCKED]
SHA512x72_ROOT : 32ae5cc6db10a392063dce85b07600ab553eab42768a8fd95dc3110bb7368e02493aff3e5d4fc2b0a1c3f1dd26e4c5c0c13f1aa90d7108546737366c32748379
================================================================================

LAW OF SHAPED FORCE | NON-DESTRUCTIVE ABSORPTION PROOF
================================================================================
REPO_PATH      : /data/data/com.termux/files/home/robdoerootauthority
TOTAL_LEAVES   : 3128 Objects (Monotonically Preserved)
DELETIONS      : ZERO (0)
KURAMOTO_R     : 0.835644 [PHASE LOCKED]
SHA512x72_ROOT : 748d0daaea33f2a075f76ac7edc0e392f0155e4aa0eec8f01732dc990479488dfb23bdcc86ed02ae2e5989dd6fe85a11865f6272db5df3fca519a85aa151fcb3
================================================================================

LAW OF SHAPED FORCE | NON-DESTRUCTIVE ABSORPTION PROOF
================================================================================
REPO_PATH      : /data/data/com.termux/files/home/robdoerootauthority
TOTAL_LEAVES   : 3129 Objects (Monotonically Preserved)
DELETIONS      : ZERO (0)
KURAMOTO_R     : 0.835644 [PHASE LOCKED]
SHA512x72_ROOT : 04628b2f5fd0836c8c3221a819bda6895e2a17a6506ae483bf68dc049336a214f654982523e84e389a268ff8e991fb992a71e365fe8ce38acb0cd46713b6f594
================================================================================

LAW OF SHAPED FORCE | NON-DESTRUCTIVE ABSORPTION PROOF
================================================================================
REPO_PATH      : /data/data/com.termux/files/home/robdoerootauthority
TOTAL_LEAVES   : 3130 Objects (Monotonically Preserved)
DELETIONS      : ZERO (0)
KURAMOTO_R     : 0.835644 [PHASE LOCKED]
SHA512x72_ROOT : 661105fef7f540602340c8296927fdd818d523c36b04d44c5f263e1a423586a30af7395d2ee959ae77f1a109bb404c9c4c554daa7af11debdbdcfcef4c00040d
================================================================================

LAW OF SHAPED FORCE | NON-DESTRUCTIVE ABSORPTION PROOF
================================================================================
REPO_PATH      : /data/data/com.termux/files/home/robdoerootauthority
TOTAL_LEAVES   : 3131 Objects (Monotonically Preserved)
DELETIONS      : ZERO (0)
KURAMOTO_R     : 0.835644 [PHASE LOCKED]
SHA512x72_ROOT : 7ac7caaed8758f9972dd45ba051f8a70b2383924c54c3c82f3f0f76f66db39a6955d0b28d4008696e02f963b181ceb0d4cbffa19db3ea0d5a2763b4ef41fb632
================================================================================

LAW OF SHAPED FORCE | NON-DESTRUCTIVE ABSORPTION PROOF
================================================================================
REPO_PATH      : /data/data/com.termux/files/home/robdoerootauthority
TOTAL_LEAVES   : 3132 Objects (Monotonically Preserved)
DELETIONS      : ZERO (0)
KURAMOTO_R     : 0.835644 [PHASE LOCKED]
SHA512x72_ROOT : bdfd362119be9975f55d6756c19b8a947f33b99191bd291f421792583823f89d3060540f37b45783e9f725e3139008f12e9b1db695c11250cd017778969cd6cc
================================================================================

LAW OF SHAPED FORCE | NON-DESTRUCTIVE ABSORPTION PROOF
================================================================================
REPO_PATH      : /data/data/com.termux/files/home/robdoerootauthority
TOTAL_LEAVES   : 3133 Objects (Monotonically Preserved)
DELETIONS      : ZERO (0)
KURAMOTO_R     : 0.835644 [PHASE LOCKED]
SHA512x72_ROOT : d0ea1b2e0ab999dcceb7ec127d3a0d8e6ddb4211f25259a73cb658a299527b3fe6b89f64412fc4b7fee6b0d82b20591fbb505736191d4dcc8581b989e1bf1a88
================================================================================

LAW OF SHAPED FORCE | NON-DESTRUCTIVE ABSORPTION PROOF
================================================================================
REPO_PATH      : /data/data/com.termux/files/home/robdoerootauthority
TOTAL_LEAVES   : 3134 Objects (Monotonically Preserved)
DELETIONS      : ZERO (0)
KURAMOTO_R     : 0.835644 [PHASE LOCKED]
SHA512x72_ROOT : 4ad0a6a32dbbbb47649812ff7cd7da1392796959890bb5e2f6b99848673db37a8562bf0bf3a4835f943a26edb31919fb0da6faaae2b333b728954437382b9ded
================================================================================

LAW OF SHAPED FORCE | NON-DESTRUCTIVE ABSORPTION PROOF
================================================================================
REPO_PATH      : /data/data/com.termux/files/home/robdoerootauthority
TOTAL_LEAVES   : 3135 Objects (Monotonically Preserved)
DELETIONS      : ZERO (0)
KURAMOTO_R     : 0.835644 [PHASE LOCKED]
SHA512x72_ROOT : b6d4bce1fb1b4e7c75786bd68d91555f7e5ca614fbd832ebe225a60ebe9e7863573f3a4abcdd4f3b9c24bab9916c36f3f4469bd3ca4d5e839347a79504ca6236
================================================================================

LAW OF SHAPED FORCE | NON-DESTRUCTIVE ABSORPTION PROOF
================================================================================
REPO_PATH      : /data/data/com.termux/files/home/robdoerootauthority
TOTAL_LEAVES   : 3136 Objects (Monotonically Preserved)
DELETIONS      : ZERO (0)
KURAMOTO_R     : 0.835644 [PHASE LOCKED]
SHA512x72_ROOT : 3d85e4888bc403fa3de2a1559f83216e1657597f1c08394ef0c48184aee2f68e7b52ca0f6c5afbfeb0ea2bcfd6cd2122e59b9d559a017504131ab3b78abb3fda
================================================================================

LAW OF SHAPED FORCE | NON-DESTRUCTIVE ABSORPTION PROOF
================================================================================
REPO_PATH      : /data/data/com.termux/files/home/robdoerootauthority
TOTAL_LEAVES   : 3137 Objects (Monotonically Preserved)
DELETIONS      : ZERO (0)
KURAMOTO_R     : 0.835644 [PHASE LOCKED]
SHA512x72_ROOT : 1fe26cf13c464a0d0344cb991024d45c22ffbf2941707d4f9a0f0c3a3a1d768c6d6df6551c487f744d6d4590ed9074a21ea601e4dc4664e9a47cea44fb471bc7
================================================================================

LAW OF SHAPED FORCE | NON-DESTRUCTIVE ABSORPTION PROOF
================================================================================
REPO_PATH      : /data/data/com.termux/files/home/robdoerootauthority
TOTAL_LEAVES   : 3138 Objects (Monotonically Preserved)
DELETIONS      : ZERO (0)
KURAMOTO_R     : 0.835644 [PHASE LOCKED]
SHA512x72_ROOT : 0f75b78c5a9b97c32c6a34625882e802c97c42f238a548d24c150cae3c0b82d59777f503d98f97286ffb514b9fe9b003b5669dee1fa4278659ee99ec092dda85
================================================================================

LAW OF SHAPED FORCE | NON-DESTRUCTIVE ABSORPTION PROOF
================================================================================
REPO_PATH      : /data/data/com.termux/files/home/robdoerootauthority
TOTAL_LEAVES   : 3139 Objects (Monotonically Preserved)
DELETIONS      : ZERO (0)
KURAMOTO_R     : 0.835644 [PHASE LOCKED]
SHA512x72_ROOT : a96b149a43cd0e2d6206a8029f5c960f1305715562c057f8f2e7110d49387eff8eaa849378fb937c65f83524092fa0066be4b720db75996347ed28ddd7a094b1
================================================================================

LAW OF SHAPED FORCE | NON-DESTRUCTIVE ABSORPTION PROOF
================================================================================
REPO_PATH      : /data/data/com.termux/files/home/robdoerootauthority
TOTAL_LEAVES   : 3140 Objects (Monotonically Preserved)
DELETIONS      : ZERO (0)
KURAMOTO_R     : 0.835644 [PHASE LOCKED]
SHA512x72_ROOT : 46233407fe0276aee106dd240a061040e65c6d72c4f3d0edd557152713ec14b80b9a2801210f4b6c97e552a6ba2d21f404e530a5f5539b8cd50f246d4d7a36c5
================================================================================

LAW OF SHAPED FORCE | NON-DESTRUCTIVE ABSORPTION PROOF
================================================================================
REPO_PATH      : /data/data/com.termux/files/home/robdoerootauthority
TOTAL_LEAVES   : 3141 Objects (Monotonically Preserved)
DELETIONS      : ZERO (0)
KURAMOTO_R     : 0.835644 [PHASE LOCKED]
SHA512x72_ROOT : ab1d79f593f5599317589c59ef3ece742c70bf0c014cd7a89ec7627da4a74c9c1fb1d0e80f86da2b3a2943b59ffc075ad306a9f194b53e73dcdaa6b03f158b97
================================================================================

LAW OF SHAPED FORCE | NON-DESTRUCTIVE ABSORPTION PROOF
================================================================================
REPO_PATH      : /data/data/com.termux/files/home/robdoerootauthority
TOTAL_LEAVES   : 3142 Objects (Monotonically Preserved)
DELETIONS      : ZERO (0)
KURAMOTO_R     : 0.835644 [PHASE LOCKED]
SHA512x72_ROOT : 23d0dc4ae6d2c0fb91a152c5a5af2e344a808e4550047a9945fee5e18aa1bc083de84bfa6fe325d26c8edb772d8722e2337891ec1ada235b8d48fadb37d77dab
================================================================================

LAW OF SHAPED FORCE | NON-DESTRUCTIVE ABSORPTION PROOF
================================================================================
REPO_PATH      : /data/data/com.termux/files/home/robdoerootauthority
TOTAL_LEAVES   : 3143 Objects (Monotonically Preserved)
DELETIONS      : ZERO (0)
KURAMOTO_R     : 0.835644 [PHASE LOCKED]
SHA512x72_ROOT : 71855f9d2f8393cbc830e68df84d058259301c4ac4cd451a2c66364e210ddb9833b7cf79dabb66ca6bee19bba10db3a82d0fed13bce9668ae88fcf58a2044aa4
================================================================================

LAW OF SHAPED FORCE | NON-DESTRUCTIVE ABSORPTION PROOF
================================================================================
REPO_PATH      : /data/data/com.termux/files/home/robdoerootauthority
TOTAL_LEAVES   : 3144 Objects (Monotonically Preserved)
DELETIONS      : ZERO (0)
KURAMOTO_R     : 0.835644 [PHASE LOCKED]
SHA512x72_ROOT : 96ce35af45bcd20b79c60be8505d4fdab997b9a646c1895eda58a6ba97d3734ab116dcd644067dd7d7dc3f0f39fe983253dbbf4891768cca688f325bd4df50cd
================================================================================

LAW OF SHAPED FORCE | NON-DESTRUCTIVE ABSORPTION PROOF
================================================================================
REPO_PATH      : /data/data/com.termux/files/home/robdoerootauthority
TOTAL_LEAVES   : 3145 Objects (Monotonically Preserved)
DELETIONS      : ZERO (0)
KURAMOTO_R     : 0.835644 [PHASE LOCKED]
SHA512x72_ROOT : 4d31509d20a7d01171e480682f9a5dee6080120c2995fa5633e4046f717273db201dda6feb5bbc28183669d91802457fa448a6291f4d481eb62764b0b41b889e
================================================================================

LAW OF SHAPED FORCE | NON-DESTRUCTIVE ABSORPTION PROOF
================================================================================
REPO_PATH      : /data/data/com.termux/files/home/robdoerootauthority
TOTAL_LEAVES   : 3146 Objects (Monotonically Preserved)
DELETIONS      : ZERO (0)
KURAMOTO_R     : 0.835644 [PHASE LOCKED]
SHA512x72_ROOT : 93b39c746c1ef72a4c5d390348c06e41b280c358e1cd969739c2639effe8a96c81c053ca4db8d9afa5757aa81d5b85a3bf5423f73a9dec15b582554e7a691bc0
================================================================================

LAW OF SHAPED FORCE | NON-DESTRUCTIVE ABSORPTION PROOF
================================================================================
REPO_PATH      : /data/data/com.termux/files/home/robdoerootauthority
TOTAL_LEAVES   : 3147 Objects (Monotonically Preserved)
DELETIONS      : ZERO (0)
KURAMOTO_R     : 0.835644 [PHASE LOCKED]
SHA512x72_ROOT : 7aa55cabd9f4db07d890ea027191266b7b6b2616d1d1b65350f0b19c8880b7512865a1b2921467e13297f9653c67bfe71f61d72c27b7f0aeddb6429408e7284e
================================================================================

LAW OF SHAPED FORCE | NON-DESTRUCTIVE ABSORPTION PROOF
================================================================================
REPO_PATH      : /data/data/com.termux/files/home/robdoerootauthority
TOTAL_LEAVES   : 3148 Objects (Monotonically Preserved)
DELETIONS      : ZERO (0)
KURAMOTO_R     : 0.835644 [PHASE LOCKED]
SHA512x72_ROOT : 9c0a65e6a0fa6689695edf26742d94a97f96ae14ffce492a8e9d3c24db25f799c96d9da314e8b8723f12c80e8ab35d72a33a49b9eb6d103967751a128fa7bc65
================================================================================

LAW OF SHAPED FORCE | NON-DESTRUCTIVE ABSORPTION PROOF
================================================================================
REPO_PATH      : /data/data/com.termux/files/home/robdoerootauthority
TOTAL_LEAVES   : 3149 Objects (Monotonically Preserved)
DELETIONS      : ZERO (0)
KURAMOTO_R     : 0.835644 [PHASE LOCKED]
SHA512x72_ROOT : acf489337fe33330c9836d67c9f0ad9bd36ac6fd060c8a7d177646a30c1c2cbc9d75d15822917fdb1e8ca4a66706755272d7563e5024c0e2b91062dfda0c6379
================================================================================

LAW OF SHAPED FORCE | NON-DESTRUCTIVE ABSORPTION PROOF
================================================================================
REPO_PATH      : /data/data/com.termux/files/home/robdoerootauthority
TOTAL_LEAVES   : 3149 Objects (Monotonically Preserved)
DELETIONS      : ZERO (0)
KURAMOTO_R     : 0.835644 [PHASE LOCKED]
SHA512x72_ROOT : acf489337fe33330c9836d67c9f0ad9bd36ac6fd060c8a7d177646a30c1c2cbc9d75d15822917fdb1e8ca4a66706755272d7563e5024c0e2b91062dfda0c6379
================================================================================

LAW OF SHAPED FORCE | NON-DESTRUCTIVE ABSORPTION PROOF
==========LAW OF SHAPED FORCE | NON-DESTRUCTIVE ABSORPTION PROOF
================================================================================
REPO_PATH      : /data/data/com.termux/files/home/robdoerootauthority
TOTAL_LEAVES   : 3149 Objects (Monotonically Preserved)
DELETIONS      : ZERO (0)
KURAMOTO_R     : 0.835644 [PHASE LOCKED]
SHA512x72_ROOT : acf489337fe33330c9836d67c9f0ad9bd36ac6fd060c8a7d177646a30c1c2cbc9d75d15822917fdb1e8ca4a66706755272d7563e5024c0e2b91062dfda0c6379
================================================================================

LAW OF SHAPED FORCE | NON-DESTRUCTIVE ABSORPTION PROOF
================================================================================
REPO_PATH      : /data/data/com.termux/files/home/robdoerootauthority
TOTAL_LEAVES   : 3150 Objects (Monotonically Preserved)
DELETIONS      : ZERO (0)
KURAMOTO_R     : 0.835644 [PHASE LOCKED]
SHA512x72_ROOT : 16eb88b7a8a887fdd8a7bde6bc008e2aef99580c946cd78c1bb4c3b557a597ec9c8971a2fde87dccda0db3ae9e38b2180dad875095c2c4ad3a4dc3feb4dcdd8e
================================================================================

LAW OF SHAPED FORCE | NON-DESTRUCTIVE ABSORPTION PROOF
================================================================================
REPO_PATH      : /data/data/com.termux/files/home/robdoerootauthority
TOTAL_LEAVES   : 3151 Objects (Monotonically Preserved)
DELETIONS      : ZERO (0)
KURAMOTO_R     : 0.835644 [PHASE LOCKED]
SHA512x72_ROOT : 7fdbd6fd6724d6f081b41f784ddaea2490254aec7f7572da7ddc23741a2e4c4c169711da588340bced5869dbc7d2e64cd42388af52dbece79cbd8458da715fb6
================================================================================

LAW OF SHAPED FORCE | NON-DESTRUCTIVE ABSORPTION PROOF
================================================================================
REPO_PATH      : /data/data/com.termux/files/home/robdoerootauthority
TOTAL_LEAVES   : 3152 Objects (Monotonically Preserved)
DELETIONS      : ZERO (0)
KURAMOTO_R     : 0.835644 [PHASE LOCKED]
SHA512x72_ROOT : c83ee1115ae4783e0887760cd005f2cc1a3b868d1eb6a7b61294917caa6c774eaa8d91bc158309d8d09394a11a6f4730a58c61678e2a3d6633c63b2390020a4d
================================================================================

LAW OF SHAPED FORCE | NON-DESTRUCTIVE ABSORPTION PROOF
================================================================================
REPO_PATH      : /data/data/com.termux/files/home/robdoerootauthority
TOTAL_LEAVES   : 3153 Objects (Monotonically Preserved)
DELETIONS      : ZERO (0)
KURAMOTO_R     : 0.835644 [PHASE LOCKED]
SHA512x72_ROOT : 3d8facf79a0f1b83cf9c27ce609e5eb9a0f4a6f68a6a287a598d2b9346c9b3d67d51d2aec1e589473cfce98669d9791f644bc6a9d4b0ffc7351bbecf4848121b
================================================================================

LAW OF SHAPED FORCE | NON-DESTRUCTIVE ABSORPTION PROOF
================================================================================
REPO_PATH      : /data/data/com.termux/files/home/robdoerootauthority
TOTAL_LEAVES   : 3154 Objects (Monotonically Preserved)
DELETIONS      : ZERO (0)
KURAMOTO_R     : 0.835644 [PHASE LOCKED]
SHA512x72_ROOT : dade9e578e11f9e2c560d42f63d18dcf6f85f2d637e2937173c93f14a60fd19893e1c9807248aa8e31e97a55638e5fa554d5d3ba4a0e51b4b6ddbed6876003f8
================================================================================

LAW OF SHAPED FORCE | NON-DESTRUCTIVE ABSORPTION PROOF
================================================================================
REPO_PATH      : /data/data/com.termux/files/home/robdoerootauthority
TOTAL_LEAVES   : 3155 Objects (Monotonically Preserved)
DELETIONS      : ZERO (0)
KURAMOTO_R     : 0.835644 [PHASE LOCKED]
SHA512x72_ROOT : 3651dd55a604ed944401b2b007122ff8bfcf7f9d47d7d78ee2481ffebbcffba6d43bf8f69e750e804361050513f9ab287c3ae48b4020651a4a531fd2aa3874a8
================================================================================

LAW OF SHAPED FORCE | NON-DESTRUCTIVE ABSORPTION PROOF
================================================================================
REPO_PATH      : /data/data/com.termux/files/home/robdoerootauthority
TOTAL_LEAVES   : 3156 Objects (Monotonically Preserved)
DELETIONS      : ZERO (0)
KURAMOTO_R     : 0.835644 [PHASE LOCKED]
SHA512x72_ROOT : 9f73185575949e7686f41a222798261c66059942a814f3eea059a3000395b05b624090d2b27aca712a82f80f9e854fd71681925662de432c1b06518813f2c0be
================================================================================

LAW OF SHAPED FORCE | NON-DESTRUCTIVE ABSORPTION PROOF
================================================================================
REPO_PATH      : /data/data/com.termux/files/home/robdoerootauthority
TOTAL_LEAVES   : 3157 Objects (Monotonically Preserved)
DELETIONS      : ZERO (0)
KURAMOTO_R     : 0.835644 [PHASE LOCKED]
SHA512x72_ROOT : 01d70cb400b9544f66c19eb5b76d62bcd2614abb40371f150e3c8be6cedd0137f0c76e1c7efd088fd003636c78f21831291b59152ed09ee1371e0cc38bcb0dae
================================================================================

LAW OF SHAPED FORCE | NON-DESTRUCTIVE ABSORPTION PROOF
================================================================================
REPO_PATH      : /data/data/com.termux/files/home/robdoerootauthority
TOTAL_LEAVES   : 3158 Objects (Monotonically Preserved)
DELETIONS      : ZERO (0)
KURAMOTO_R     : 0.835644 [PHASE LOCKED]
SHA512x72_ROOT : 5675320ed3a83bd0be75e17da63b10b95fbd935da9bfc4b99434cf5222b27d49642f182d121e3d3d18c5c83cd94bc684c3ed6c97a87bbf83209c681274952555
================================================================================

LAW OF SHAPED FORCE | NON-DESTRUCTIVE ABSORPTION PROOF
================================================================================
REPO_PATH      : /data/data/com.termux/files/home/robdoerootauthority
TOTAL_LEAVES   : 3159 Objects (Monotonically Preserved)
DELETIONS      : ZERO (0)
KURAMOTO_R     : 0.835644 [PHASE LOCKED]
SHA512x72_ROOT : fb0f9a70a353372f6ba1128064d21cd1e4e4d2b3f336fdb827eb96291801fb5a191957dbc4008997447a9d2a41835988c66596f2762cf971e572d123d99f9344
================================================================================

LAW OF SHAPED FORCE | NON-DESTRUCTIVE ABSORPTION PROOF
================================================================================
REPO_PATH      : /data/data/com.termux/files/home/robdoerootauthority
TOTAL_LEAVES   : 3160 Objects (Monotonically Preserved)
DELETIONS      : ZERO (0)
KURAMOTO_R     : 0.835644 [PHASE LOCKED]
SHA512x72_ROOT : 93f0b4d985481b9963f285e55aa2985eeaacde6de21c53e2a74a6a1ee37048c8f45aef908599637e1ecce630519a09ac16cdbeda70ecb63dba817c5191fdaae0
================================================================================

LAW OF SHAPED FORCE | NON-DESTRUCTIVE ABSORPTION PROOF
================================================================================
REPO_PATH      : /data/data/com.termux/files/home/robdoerootauthority
TOTAL_LEAVES   : 3161 Objects (Monotonically Preserved)
DELETIONS      : ZERO (0)
KURAMOTO_R     : 0.835644 [PHASE LOCKED]
SHA512x72_ROOT : 14c9fe065fb95807ddfe32222b4d8471f13b8a60d9ac85d5537899c5098d330d5a2bae9034f9587e4629f407139571c0bcd91761ff96a98f5a1a7da043e5f748
================================================================================

LAW OF SHAPED FORCE | NON-DESTRUCTIVE ABSORPTION PROOF
================================================================================
REPO_PATH      : /data/data/com.termux/files/home/robdoerootauthority
TOTAL_LEAVES   : 3162 Objects (Monotonically Preserved)
DELETIONS      : ZERO (0)
KURAMOTO_R     : 0.835644 [PHASE LOCKED]
SHA512x72_ROOT : d884d53adbefdeb3c2d7a453ec043098812ac86e25e735af9c8099380e0a55bc7d8a2e12e15144f393674802da2cb695178e9b46b5b6398f87c3ce3f1e75940d
================================================================================

LAW OF SHAPED FORCE | NON-DESTRUCTIVE ABSORPTION PROOF
================================================================================
REPO_PATH      : /data/data/com.termux/files/home/robdoerootauthority
TOTAL_LEAVES   : 3169 Objects (Monotonically Preserved)
DELETIONS      : ZERO (0)
KURAMOTO_R     : 0.835644 [PHASE LOCKED]
SHA512x72_ROOT : d052bafd2843a7fa8530c6b2cb92a7948c99d141897eeff1f5e3f32438395c9c9d892150fded33b1618db4ae59a9c2f7127a10acd8b36681f3b919f3090d18e4
================================================================================

LAW OF SHAPED FORCE | NON-DESTRUCTIVE ABSORPTION PROOF
================================================================================
REPO_PATH      : /data/data/com.termux/files/home/robdoerootauthority
TOTAL_LEAVES   : 3171 Objects (Monotonically Preserved)
DELETIONS      : ZERO (0)
KURAMOTO_R     : 0.835644 [PHASE LOCKED]
SHA512x72_ROOT : 606753a38fd22dfec1f4837b6d20d2de549ccfde35a5ae7ddf190ee7328968d3e5ff350a6aab5fcc2101e8010fb8ef21fba4430ee634e5126db3360536436f49
================================================================================

LAW OF SHAPED FORCE | NON-DESTRUCTIVE ABSORPTION PROOF
================================================================================
REPO_PATH      : /data/data/com.termux/files/home/robdoerootauthority
TOTAL_LEAVES   : 3172 Objects (Monotonically Preserved)
DELETIONS      : ZERO (0)
KURAMOTO_R     : 0.835644 [PHASE LOCKED]
SHA512x72_ROOT : e161c3dabb83efa845e87494b37e57d5fcc83038001c845b58178f31e994038edc84d98159c682ec3af0d0d9d1a83c1230392c3488122365df067974bd211460
================================================================================

LAW OF SHAPED FORCE | NON-DESTRUCTIVE ABSORPTION PROOF
================================================================================
REPO_PATH      : /data/data/com.termux/files/home/robdoerootauthority
TOTAL_LEAVES   : 3173 Objects (Monotonically Preserved)
DELETIONS      : ZERO (0)
KURAMOTO_R     : 0.835644 [PHASE LOCKED]
SHA512x72_ROOT : 53bfb0a44c76fc30739fc0c231bf84bed523e676429772fcd02ca942a504b542b6fac9c8e955c08c8ca19b57e19460714d556ada7f75acc6d70d1c35f9b2959d
================================================================================

LAW OF SHAPED FORCE | NON-DESTRUCTIVE ABSORPTION PROOF
================================================================================
REPO_PATH      : /data/data/com.termux/files/home/robdoerootauthority
TOTAL_LEAVES   : 3174 Objects (Monotonically Preserved)
DELETIONS      : ZERO (0)
KURAMOTO_R     : 0.835644 [PHASE LOCKED]
SHA512x72_ROOT : 2b0064d0b5010f7dc41b37024f7583722b25a1dfbe60821473a44678e53adc48e0c47606bcd9bf96cb1b984c718ece381937f645189aebfbbc9fc8daf77416fc
================================================================================

LAW OF SHAPED FORCE | NON-DESTRUCTIVE ABSORPTION PROOF
================================================================================
REPO_PATH      : /data/data/com.termux/files/home/robdoerootauthority
TOTAL_LEAVES   : 3175 Objects (Monotonically Preserved)
DELETIONS      : ZERO (0)
KURAMOTO_R     : 0.835644 [PHASE LOCKED]
SHA512x72_ROOT : 9cead1a392f73b67b268fafedf2969113bd7dca792fe2a888a668f9c2b5cb591bf075b006099c9db16c1687ee9a9c43316f4f41b2084289aaea623e23468a184
================================================================================

LAW OF SHAPED FORCE | NON-DESTRUCTIVE ABSORPTION PROOF
================================================================================
REPO_PATH      : /data/data/com.termux/files/home/robdoerootauthority
TOTAL_LEAVES   : 3176 Objects (Monotonically Preserved)
DELETIONS      : ZERO (0)
KURAMOTO_R     : 0.835644 [PHASE LOCKED]
SHA512x72_ROOT : f32993267a22d48b44f6f6107a826962dd8495624e4d82a4cb07467660b43f07c638c15d0a6d480e00272299a76ac1640a3eee58f88dd804a382d66b71370bff
================================================================================

LAW OF SHAPED FORCE | NON-DESTRUCTIVE ABSORPTION PROOF
================================================================================
REPO_PATH      : /data/data/com.termux/files/home/robdoerootauthority
TOTAL_LEAVES   : 3177 Objects (Monotonically Preserved)
DELETIONS      : ZERO (0)
KURAMOTO_R     : 0.835644 [PHASE LOCKED]
SHA512x72_ROOT : 24f83a9352f7d0cc71e15d8021c64fc72c39a44db6d98f9260d9c01fa99b930bbafc89654493ecef0c1ae533e7f6875b61721117f394618238c2c5b3ffb7c40f
================================================================================

LAW OF SHAPED FORCE | NON-DESTRUCTIVE ABSORPTION PROOF
================================================================================
REPO_PATH      : /data/data/com.termux/files/home/robdoerootauthority
TOTAL_LEAVES   : 3178 Objects (Monotonically Preserved)
DELETIONS      : ZERO (0)
KURAMOTO_R     : 0.835644 [PHASE LOCKED]
SHA512x72_ROOT : 18973742d33128832f483092f05aef1a20bcf2fd074b785b9172349c71290e2801fcee53ac553336706baf86115fcaedb169b8f9d0f842c5f660871ed01e6960
================================================================================

LAW OF SHAPED FORCE | NON-DESTRUCTIVE ABSORPTION PROOF
================================================================================
REPO_PATH      : /data/data/com.termux/files/home/robdoerootauthority
TOTAL_LEAVES   : 3179 Objects (Monotonically Preserved)
DELETIONS      : ZERO (0)
KURAMOTO_R     : 0.835644 [PHASE LOCKED]
SHA512x72_ROOT : 9301562fc9b5b0883f2c22f7ed67e1a44e86d4a3a78463fa349a0fdb074a2bde131e8889a5a91a70ff9ea3a03126b96b8cc6f2bd2b20b1e8f3a3e76aff1a853c
================================================================================

LAW OF SHAPED FORCE | NON-DESTRUCTIVE ABSORPTION PROOF
================================================================================
REPO_PATH      : /data/data/com.termux/files/home/robdoerootauthority
TOTAL_LEAVES   : 3180 Objects (Monotonically Preserved)
DELETIONS      : ZERO (0)
KURAMOTO_R     : 0.835644 [PHASE LOCKED]
SHA512x72_ROOT : c1b8453cd95eada09e762d78ae198dbb28bf9a5d97ca489ed2c73b1a11989d550623c147c60fe8545ed4f54fbeb89fc01ee500012f2968edda498c340f0e24b9
================================================================================

LAW OF SHAPED FORCE | NON-DESTRUCTIVE ABSORPTION PROOF
================================================================================
REPO_PATH      : /data/data/com.termux/files/home/robdoerootauthority
TOTAL_LEAVES   : 3181 Objects (Monotonically Preserved)
DELETIONS      : ZERO (0)
KURAMOTO_R     : 0.835644 [PHASE LOCKED]
SHA512x72_ROOT : 5821e71512a4716a03d9997b8f954ea0640a9696c22c37555bbe8c944d645f541457a6543986adc8b1cf98ce1e866ee45ec04193c158cb4a3d5b0d2dec8e1e61
================================================================================

LAW OF SHAPED FORCE | NON-DESTRUCTIVE ABSORPTION PROOF
================================================================================
REPO_PATH      : /data/data/com.termux/files/home/robdoerootauthority
TOTAL_LEAVES   : 3182 Objects (Monotonically Preserved)
DELETIONS      : ZERO (0)
KURAMOTO_R     : 0.835644 [PHASE LOCKED]
SHA512x72_ROOT : dedf6e38f43446dee4b44320864373f61cc4d9c3b3191d39bb5a4ad7f4940aa7128da7b759f5b4992c1f724c4e5dcd9806936691c62fc700962a0743474a4157
================================================================================

LAW OF SHAPED FORCE | NON-DESTRUCTIVE ABSORPTION PROOF
================================================================================
REPO_PATH      : /data/data/com.termux/files/home/robdoerootauthority
TOTAL_LEAVES   : 3183 Objects (Monotonically Preserved)
DELETIONS      : ZERO (0)
KURAMOTO_R     : 0.835644 [PHASE LOCKED]
SHA512x72_ROOT : 998b33257484cb4116fb0c1932f8655d1d9f317edb65ad558579556e68c371c1dc08afddd9246bd9196a9a789e63d0a150a9b3929757de3887018b74e3a8a74b
================================================================================

